abeam;abeam
abed;abed
abjectly;abject
abnormally;abnormal
abominably;abominable
aborning;aborning
abortively;abortive
about;about
above;above
aboveboard;aboveboard
abreast;abreast
abroad;abroad
abruptly;abrupt
absently;absent
absentmindedly;absentminded
absolutely;absolute
abstemiously;abstemious
abstractedly;abstracted
abstractly;abstract
abstrusely;abstruse
absurdly;absurd
abundantly;abundant
abysmally;abysmal
academically;academic
accelerando;accelerando
accidentally;accidental
accommodatingly;accommodating
accordingly;according
accurately;accurate
accusingly;accusing
across;across
actually;actual
acutely;acute
adagio;adagio
adamantly;adamant
additionally;additional
adequately;adequate
adjectivally;adjectival
adjectively;adjective
admiringly;admiring
admittedly;admitted
adoringly;adoring
adrift;adrift
adroitly;adroit
adverbially;adverbial
adversely;adverse
advisedly;advised
aerially;aerial
affably;affable
affectedly;affected
affectingly;affecting
afield;afield
afoot;afoot
afresh;afresh
aft;aft
after;after
aggravatingly;aggravating
aggressively;aggressive
agilely;agile
ago;ago
agonizingly;agonizing
agreeably;agreeable
aground;aground
ahead;ahead
ahorse;ahorse
ahorseback;ahorseback
aimlessly;aimless
airily;airy
akimbo;akimbo
alarmingly;alarming
alertly;alert
alfresco;alfresco
alike;alike
all;all
allegedly;alleged
allegretto;allegretto
allegro;allegro
all-fired;all-fired
alliteratively;alliterative
allowably;allowable
alone;alone
aloof;aloof
alright;alright
also;(also)
alternately;alternate
altruistically;altruistic
always;contant
amateurishly;amateurish
amazingly;amazing
ambiguously;ambiguous
ambitiously;ambitious
amiably;amiable
amicably;amicable
amidship;amidship
amidships;amidship
amiss;amiss
amok;amok
amorally;amoral
amuck;amuck
amusingly;amusing
anachronistically;anachronistic
anciently;ancient
andante;andante
angrily;angry
animatedly;animated
annoyingly;annoying
annually;annual
anomalously;anomalous
anonymously;anonymous
antecedently;antecedent
anteriorly;anterior
anticlockwise;anticlockwise
anxiously;anxious
any;any
apart;apart
apathetically;apathetic
apologetically;apologetic
appallingly;appalling
apparently;apparent
appealingly;appealing
apprehensively;apprehensive
appropriately;appropriate
approvingly;approving
approximately;approximate
apropos;apropos
aptly;apt
arbitrarily;arbitrary
architecturally;architectural
archly;arch
ardently;ardent
arduously;arduous
areawide;areawide
arguably;arguable
arrogantly;arrogant
artfully;artful
articulately;articulate
artificially;artificial
artistically;artistic
artlessly;artless
asexually;asexual
ashamedly;ashamed
askance;askance
askew;askew
aslant;aslant
asleep;asleep
assembled;assembled
assiduously;assiduous
assuredly;assured
astonishingly;astonishing
astutely;astute
asunder;asunder
asymptotically;asymptotic
atonally;atonal
atrociously;atrocious
attractively;attractive
attributively;attributive
audaciously;audacious
audibly;audible
aurally;aural
auspiciously;auspicious
austerely;austere
avariciously;avaricious
avidly;avid
avowedly;avowed
away;away
awfully;awful
awkwardly;awkward
awry;awry
axially;axial
backstage;backstage
backward;backward
backwards;backward
bacterially;bacterial
bad;bad
badly;bad
baldly;bald
balefully;baleful
balmily;balmy
banefully;baneful
bang;banging
banteringly;bantering
barefacedly;barefaced
barely;bare
basely;base
bashfully;bashful
basically;basic
bawdily;bawdy
beastly;beastly
beautifully;beautiful
becomingly;becoming
befittingly;befitting
beforehand;beforehand
behind;behind
behindhand;behindhand
belatedly;belated
believably;believable
belligerently;belligerent
beneficially;beneficial
benevolently;benevolent
benignantly;benignant
benignly;benign
beseechingly;beseeching
bestially;bestial
bewilderedly;bewildered
bewilderingly;bewildering
bewitchingly;bewitching
biannually;biannual
bias;bias
biennially;biennial
big;big
bilaterally;bilateral
bilingually;bilingual
binaurally;binaural
biochemically;biochemical
biradially;biradial
bitingly;biting
bitter;bitter
bitterly;bitter
biweekly;biweekly
blamelessly;blameless
blandly;bland
blankly;blank
blasphemously;blasphemous
blatantly;blatant
bleakly;bleak
blessedly;blessed
blindly;blind
blissfully;blissful
blithely;blithe
bloodily;bloody
bloodlessly;bloodless
bluffly;bluff
bluntly;blunt
blushingly;blushing
boastfully;boastful
bodily;bodily
boisterously;boisterous
boldly;bold
bolt;bolted
bombastically;bombastic
bonnily;bonny
boorishly;boorish
boringly;boring
boundlessly;boundless
bounteously;bounteous
bountifully;bountiful
boyishly;boyish
boylike;boylike
brashly;brash
bravely;brave
brazenly;brazen
breathlessly;breathless
breezily;breezy
briefly;brief
bright;bright
brightly;bright
brilliantly;brilliant
briskly;brisk
broadcast;broadcast
broadly;broad
broad-mindedly;broad-minded
broadside;broadside
brotherly;brotherly
brusquely;brusque
brutally;brutal
brutishly;brutish
bumptiously;bumptious
buoyantly;buoyant
bureaucratically;bureaucratic
busily;busy
buxomly;buxom
by;by
cageyly;cagey
cagily;cagy
calculatingly;calculating
callously;calloused
calmly;calm
candidly;candid
cannily;canny
cantankerously;cantankerous
capriciously;capricious
captiously;captious
captivatingly;captivating
carefully;careful
carelessly;careless
caressingly;caressing
carnally;carnal
casually;casual
catastrophically;catastrophic
caudally;caudal
causally;causal
caustically;caustic
cautiously;cautious
cavalierly;cavalier
ceaselessly;ceaseless
centennially;centennial
cerebrally;cerebral
ceremonially;ceremonial
certainly;certain
chaotically;chaotic
characteristically;characteristic
charily;chary
charitably;charitable
charmingly;charming
chastely;chaste
chattily;chatty
cheaply;cheap
cheekily;cheeky
cheerfully;cheerful
cheerily;cheery
cheerlessly;cheerless
chiefly;chief
childishly;childish
chintzily;chintzy
chirpily;chirpy
chock;chockful
chorally;choral
chromatically;chromatic
chronically;chronic
chronologically;chronological
churlishly;churlish
circularly;circular
circumspectly;circumspect
circumstantially;circumstantial
citiwide;citiwide
civilly;civil
clammily;clammy
clamorously;clamorous
clannishly;clannish
cleanly;clean
clearly;clear
cleverly;clever
cliquishly;cliquish
clockwise;clockwise
closely;close
closer;closer
closest;closest
cloyingly;cloying
clumsily;clumsy
coarsely;coarse
coastwise;coastwise
coaxingly;coaxing
cod;cod
cognitively;cognitive
coherently;coherent
coincidently;coincident
cold-bloodedly;cold-blooded
coldly;cold
collectedly;collected
colloquially;colloquial
comfortingly;comforting
commensally;commensal
commercially;commercial
commonly;common
communally;communal
compactly;compact
compassionately;compassionate
compatibly;compatible
competently;competent
complacently;complacent
complainingly;complaining
completely;complete
complexly;complex
compulsorily;compulsory
computationally;computational
concavely;concave
conceitedly;conceited
conceptually;conceptual
concernedly;concerned
concisely;concise
concretely;concrete
concurrently;concurrent
condescendingly;condescending
conditionally;conditional
confer;conferred
confessedly;confessed
confidently;confident
confidingly;confiding
confoundedly;confounded
confusedly;confused
confusingly;confusing
congenially;congenial
conjointly;conjoint
conjugally;conjugal
connubial;connubial
conscientiously;conscientious
conscionably;conscionable
consciously;conscious
consecutive;consecutive
consequentially;consequential
consequently;consequent
consistently;consistent
consolingly;consoling
conspicuously;conspicuous
constantly;constant
constitutionally;constitutional
constrainedly;constrained
contagiously;contagious
contemporaneously;contemporaneous
contentedly;contented
contextually;contextual
continually;continual
contractually;contractual
contradictorily;contradictory
contrarily;contrary
contrastingly;contrasting
contritely;contrite
controversially;controversial
contumaciously;contumacious
contumeliously;contumelious
conveniently;convenient
conventionally;conventionalized
conversationally;conversational
conversely;converse
convexly;convex
convincingly;convincing
convivially;convivial
convulsively;convulsive
coolly;cool
cooperatively;cooperative
coordinately;coordinate
copiously;copious
coquettishly;coquettish
cordially;cordial
correctly;correct
correspondingly;corresponding
corrigibly;corrigible
corruptedly;corrupted
corruptly;corrupt
cortically;cortical
cosily;cosy
cosmetically;cosmetic
counter;counter
counterclockwise;counterclockwise
countiwide;countiwide
countriwide;countriwide
courageously;courageous
courteously;courteous
covertly;covert
coyly;coy
cozily;cozy
craftily;crafty
crazily;crazy
creakily;creaky
creakingly;creaking
creatively;creative
credibly;credible
credulously;credulous
criminally;criminal
crisply;crisp
critically;critical
crookedly;crooked
cross-country;cross-country
cross-linguistically;cross-linguistic
crossly;cross
crosswise;crosswise
crucially;crucial
crudely;crude
cruelly;cruel
crushingly;crushing
culpably;culpable
culturally;cultural
cumulatively;cumulative
cunningly;cunning
curiously;curious
currently;current
currishly;currish
cursedly;cursed
cursively;cursive
cursorily;cursory
curtly;curt
curvaceously;curvaceous
cussedly;cussed
customarily;customary
cutely;cute
cuttingly;cutting
cynically;cynical
daftly;daft
daily;daily
daintily;dainty
damnably;damnable
damply;damp
dandily;dandy
dangerously;dangerous
daringly;daring
darkly;dark
dashingly;dashing
dauntingly;daunting
dauntlessly;dauntless
daylong;daylong
dazedly;dazed
dazzlingly;dazzling
deadly;dead
deadpan;deadpan
dear;dear
dearly;dear
deathly;deathly
deceitfully;deceitful
decent;decent
decently;decent
decidedly;decided
decorously;decorous
deep;deep
deeply;deep
defectively;defective
defencelessly;defenceless
defenseless;defenseless
defiantly;defiant
deftly;deft
dejectedly;dejected
deliberately;deliberate
delicately;delicate
deliciously;delicious
delightedly;delighted
delightfully;delightful
deliriously;delirious
delusively;delusive
demandingly;demanding
demeaningly;demeaning
dementedly;demented
democratically;democratic
demurely;demure
denominationally;denominational
densely;dense
departmentally;departmental
deplorably;deplorable
depressingly;depressing
derisively;derisive
derisorily;derisory
deservedly;deserved
designedly;designed
desolately;desolate
despairingly;despairing
desperately;desperate
despitefully;despiteful
despondently;despondent
determinedly;determined
detrimentally;detrimental
deucedly;deuced
developmentally;developmental
devilish;devilish
devilishly;devilish
deviously;devious
devotedly;devoted
devoutly;devout
dextrously;dextrous
diagonally;diagonal
dichotomously;dichotomous
dictatorially;dictatorial
differently;different
diffidently;diffident
diffusely;diffuse
digitally;digital
diligently;diligent
dimly;dim
dingily;dingy
directly;direct
direfully;direful
dirtily;dirty
disagreeably;disagreeable
disappointedly;disappointed
disappointingly;disappointing
disapprovingly;disapproving
disastrously;disastrous
disbelievingly;disbelieving
disconcertingly;disconcerting
disconsolately;disconsolate
discontentedly;discontented
discordantly;discordant
discouragingly;discouraging
discourteously;discourteous
discreetly;discreet
discriminately;discriminate
discursively;discursive
disdainfully;disdainful
disgracefully;disgraceful
disgustedly;disgusted
disgustingly;disgusting
dishonestly;dishonest
dishonourably;dishonourable
disingenuously;disingenuous
disinterestedly;disinterested
disjointedly;disjointed
disloyally;disloyal
dismally;dismal
disobediently;disobedient
disparagingly;disparaging
dispassionately;dispassionate
dispiritedly;dispirited
displeasingly;displeasing
disquietingly;disquieting
disregarding;disregarded
disreputably;disreputable
disrespectfully;disrespectful
dissolutely;dissolute
distally;distal
distantly;distant
distastefully;distasteful
distill;distill
distinctly;distinct
distractedly;distracted
distressfully;distressful
distressingly;distressing
distrustfully;distrustful
disturbingly;disturbing
diversely;diverse
divertingly;diverting
divinely;divine
dizzily;dizzy
doctrinally;doctrinal
doggedly;dogged
dolefully;doleful
doltishly;doltish
dominantly;dominant
domineeringly;domineering
dorsally;dorsal
dorsoventrally;dorsoventral
dottily;dotty
doubtfully;doubtful
dourly;dour
dowdily;dowdy
downfield;downfield
downhill;downhill
downright;downright
downriver;downriver
downstage;downstage
downstream;downstream
downtown;downtown
downward;downward
downwardly;downward
downwards;downward
downwind;downwind
drably;drab
draggingly;dragging
dramatically;dramatic
drastically;drastic
dreadfully;dreadful
dreamily;dreamy
drearily;dreary
drily;dry
dripping;dripping
droopingly;drooping
drowsily;drowsy
drunkenly;drunken
dryly;dry
dubiously;dubious
dubitably;dubitable
due;due
duly;duly
dumbly;dumb
durably;durable
dutifully;dutiful
each;each
eagerly;eager
earlier;earlier
earliest;earliest
early;early
earnestly;earnest
easily;easy
east;east
easterly;easterly
eastward;eastward
eastwards;eastward
easy;easy
ebulliently;ebullient
ecstatically;ecstatic
editorially;editorial
educationally;educational
eerily;eery
effectually;effectual
efficaciously;efficacious
efficiently;efficient
effortlessly;effortless
effusively;effusive
elaborately;elaborate
electronically;electronic
electrostatically;electrostatic
elegantly;elegant
elementarily;elementary
eloquently;eloquent
else;else
embarrassingly;embarrassing
eminently;eminent
emotionally;emotional
empathetically;empathetic
emphatically;emphatic
emulously;emulous
enchantingly;enchanting
encouragingly;encouraging
endearingly;endearing
endlessly;endless
enduringly;enduring
engagingly;engaging
enjoyably;enjoyable
enormously;enormous
enough;enough
enroute;enroute
enterprisingly;enterprising
entertainingly;entertaining
enthrallingly;enthralling
enthusiastically;enthusiastic
entirely;entire
enviably;enviable
enviously;envious
environmentally;environmental
episodically;episodic
equably;equable
equally;equal
equitably;equitable
equivocally;equivocal
erectly;erect
erotically;erotic
erratically;erratic
erroneously;erroneous
erstwhile;erstwhile
eruditely;erudite
especially;especial
essentially;essential
eternally;eternal
ethically;ethical
euphemistically;euphemistic
evasively;evasive
even;even
evenhandedly;evenhanded
evenly;even
eventually;eventual
everlastingly;everlasting
evidently;evident
evilly;evil
exactly;exact
exaggeratedly;exaggerated
exasperatingly;exasperating
exceedingly;exceeding
excellently;excellent
exceptionally;exceptional
excitedly;excited
excitingly;exciting
exclusively;exclusive
excruciatingly;excruciating
exorbitantly;exorbitant
expectantly;expectant
expediently;expedient
expertly;expert
explicitly;explicit
exponentially;exponential
expressly;express
exquisitely;exquisite
extemporaneously;extemporaneous
extemporarily;extemporary
extempore;extempore
extensively;extensive
extortionately;extortionate
extra;extra
extraordinarily;extraordinary
extravagantly;extravagant
extremely;extreme
exuberantly;exuberant
exultantly;exultant
exultingly;exulting
fabulously;fabulous
facetiously;facetious
face-to-face;face-to-face
facially;facial
factually;factual
faddily;faddy
faddishly;faddish
fain;fain
faintly;faint
fair;fair
fairly;fair
faithfully;faithful
faithlessly;faithless
false;false
falsely;false
falteringly;faltering
familiarly;familiar
family;familial
famously;famous
fancifully;fanciful
far;far
farcically;farcical
farther;farther
farthest;farthest
fascinatingly;fascinating
fast;fast
fastidiously;fastidious
fatally;fatal
fatefully;fateful
fatuously;fatuous
faultily;faulty
faultlessly;faultless
fearfully;fearful
fearlessly;fearless
feasible;feasible
fecklessly;feckless
federally;federal
feebly;feeble
felicitously;felicitous
ferociously;ferocious
fervently;fervent
fervidly;fervid
feudally;feudal
feverishly;feverish
fiendishly;fiendish
fiercely;fierce
fierily;fiery
fifthly;fifth
filthily;filthy
finely;fine
finitely;finite
firm;firm
firmly;firm
first-class;first-class
firsthand;firsthand
firstly;first
first-rate;first-rate
fiscally;fiscal
fishily;fishy
fitfully;fitful
fitly;fit
fittingly;fitting
fixedly;fixed
flabbily;flabby
flagrantly;flagrant
flamboyantly;flamboyant
flashily;flashy
flat;flat
flatly;flat
flawlessly;flawless
fleetly;fleet
flexibly;flexible
flimsily;flimsy
flippantly;flippant
flirtatiously;flirtatious
floridly;florid
fluently;fluent
focally;focal
fondly;fond
foolishly;foolish
forbiddingly;forbidding
forcefully;forceful
forcibly;forcible
fore;fore
foremost;foremost
forever;forever
forgetfully;forgetful
forgivingly;forgiving
forlornly;forlorn
formally;formal
formerly;former
formidably;formidable
formlessly;formless
forte;forte
forthright;forthright
forthrightly;forthright
fortissimo;fortissimo
fortnightly;fortnightly
fortuitously;fortuitous
fortunately;fortunate
forward;forward
forwards;forward
foully;foul
fourfold;fourfold
foursquare;foursquare
fourth;fourth
fourthly;fourth
foxily;foxy
fractiously;fractious
frankly;frank
frantically;frantic
fraternally;fraternal
fraudulently;fraudulent
freakishly;freakish
freely;free
frenetically;frenetic
frenziedly;frenzied
frequently;frequent
fresh;fresh
freshly;fresh
fretfully;fretful
frighteningly;frightening
frightfully;frightful
frigidly;frigid
friskily;frisky
frivolously;frivolous
frostily;frosty
frothily;frothy
frowningly;frowning
frugally;frugal
fruitfully;fruitful
fruitlessly;fruitless
frumpily;frumpy
frumpishly;frumpish
fucking;fucking
fugally;fugal
full;full
full-time;full-time
fully;full
fulsomely;fulsome
functionally;functional
fundamentally;fundamental
funnily;funny
funny;funny
furiously;furious
further;further
furthest;furthest
furtively;furtive
fussily;fussy
futilely;futile
gaily;gay
gainfully;gainful
gallantly;gallant
gamely;game
garishly;garish
garrulously;garrulous
gaspingly;gasping
gaudily;gaudy
gayly;gay
generally;general
generously;generous
genially;genial
genteelly;genteel
genuinely;genuine
giddily;giddy
gingerly;gingerly
girlishly;girlish
glacially;glacial
gladly;glad
glaringly;glaring
gleefully;gleeful
glibly;glib
globally;global
gloomily;gloomy
gloriously;glorious
glossily;glossy
gloweringly;glowering
glowingly;glowing
glumly;glum
gluttonously;gluttonous
goddam;goddam
good;good
good-naturedly;good-natured
gorgeously;gorgeous
governmentally;governmental
gracefully;graceful
gracelessly;graceless
graciously;gracious
gradually;gradual
grandiloquently;grandiloquent
grandiosely;grandiose
grandly;grand
gratefully;grateful
gratifyingly;gratifying
gratingly;grating
gratis;gratis
gratuitously;gratuitous
gravely;grave
gravitationally;gravitational
grayly;gray
greasily;greasy
greatly;great
greedily;greedy
greenly;green
gregariously;gregarious
greyly;grey
grievously;grievous
grimly;grim
gropingly;groping
grossly;gross
grotesquely;grotesque
grouchily;grouchy
grubbily;grubby
grudgingly;grudging
gruesomely;gruesome
gruffly;gruff
grumpily;grumpy
grungily;grungy
guardedly;guarded
guiltily;guilty
gullibly;gullible
gushingly;gushing
gutturally;guttural
haggardly;haggard
half;half
half-hourly;half-hourly
half-time;half-time
halfway;halfway
haltingly;halting
handily;handy
handsomely;handsome
haphazard;haphazard
haphazardly;haphazard
happily;happy
haptically;haptic
hard;hard
hardly;hard
harmfully;harmful
harmlessly;harmless
harshly;harsh
harum-scarum;harum-scarum
hastily;hasty
hatefully;hateful
haughtily;haughty
hazardously;hazardous
hazily;hazy
headfirst;headfirst
headlong;headlong
head-on;head-on
healthily;healthy
heaps;heaped
heartily;hearty
heartlessly;heartless
heatedly;heated
heavenward;heavenward
heavenwardly;heavenward
heavenwards;heavenward
heavily;heavy
heavy;heavy
hebdomadally;hebdomadal
hectically;hectic
heedfully;heedful
heedlessly;heedless
heinously;heinous
hellishly;hellish
helpfully;helpful
helplessly;helpless
helter-skelter;helter-skelter
here;here
hermetically;hermetic
hesitantly;hesitant
hesitatingly;hesitating
hideously;hideous
higgledy-piggledy;higgledy-piggledy
high-handedly;high-handed
highly;high
high-mindedly;high-minded
hilariously;hilarious
hinderingly;hindering
hoarsely;hoarse
homeward;homeward
homewards;homeward
homily;homy
homogeneously;homogeneous
honestly;honest
hopefully;hopeful
hopelessly;hopeless
horizontally;horizontal
horribly;horrible
horridly;horrid
horrifyingly;horrifying
horticulturally;horticultural
hospitably;hospitable
hostilely;hostile
hotly;hot
hourly;hourly
huffily;huffy
hugely;huge
hugger-mugger;hugger-mugger
humanly;human
humiliatingly;humiliating
humorlessly;humorless
humourously;humourous
hungrily;hungry
hurriedly;hurried
huskily;husky
hydraulically;hydraulic
hydraulicly;hydraulic
hyperbolically;hyperbolic
hypocritically;hypocritical
hypothalamically;hypothalamic
icily;icy
ideally;ideal
identically;identical
ideographically;ideographic
idiotically;idiotic
idly;idle
idyllically;idyllic
ignobly;ignoble
ignominiously;ignominious
ignorantly;ignorant
illegally;illegal
illegitimately;illegitimate
illiberally;illiberal
illicitly;illicit
illogically;illogical
illustriously;illustrious
immaculately;immaculate
immaturely;immature
immeasurably;immeasurable
immediately;immediate
immensely;immense
imminently;imminent
immitigably;immitigable
immoderately;immoderate
immodestly;immodest
immorally;immoral
immutably;immutable
impartially;impartial
impatiently;impatient
impenitently;impenitent
imperatively;imperative
imperceptibly;imperceptible
imperfectly;imperfect
imperially;imperial
impermissibly;impermissible
impersonally;impersonal
impertinently;impertinent
impetuously;impetuous
impiously;impious
impishly;impish
implacably;implacable
implicitly;implicit
imploringly;imploring
impolitely;impolite
importantly;important
importunately;importunate
imposingly;imposing
impossibly;impossible
impotently;impotent
impracticably;impracticable
imprecisely;imprecise
improbably;improbable
impromptu;impromptu
improperly;improper
improvidently;improvident
imprudently;imprudent
impudently;impudent
in;in
inaccessibly;inaccessible
inaccurately;inaccurate
inadequately;inadequate
inadvertently;inadvertent
inadvisably;inadvisable
inalienably;inalienable
inanely;inane
inappropriately;inappropriate
inarticulately;inarticulate
inattentively;inattentive
inaudibly;inaudible
inaugurally;inaugural
inauspiciously;inauspicious
incautiously;incautious
incessantly;incessant
incestuously;incestuous
incidentally;incidental
incognito;incognito
incoherently;incoherent
incomparably;incomparable
incompatibly;incompatible
incompetently;incompetent
incompletely;incomplete
inconceivably;inconceivable
inconclusively;inconclusive
inconsequentially;inconsequential
inconsequently;inconsequent
inconsiderately;inconsiderate
inconsistently;inconsistent
inconspicuously;inconspicuous
incontrovertibly;incontrovertible
inconveniently;inconvenient
incorrectly;incorrect
increasingly;increasing
incredibly;incredible
incredulously;incredulous
incriminatingly;incriminating
indecently;indecent
indecisively;indecisive
indecorously;indecorous
indefatigably;indefatigable
indefinitely;indefinite
independently;independent
indescribably;indescribable
indifferently;indifferent
indignantly;indignant
indirectly;indirect
indiscreetly;indiscreet
indiscriminately;indiscriminate
indistinctly;indistinct
individually;individual
indolently;indolent
indoors;indoor
indubitably;indubitable
indulgently;indulgent
industrially;industrial
ineffably;ineffable
ineffectively;ineffective
ineffectually;ineffectual
inefficaciously;inefficacious
inefficiently;inefficient
inelegantly;inelegant
ineluctably;ineluctable
ineptly;inept
inequitably;inequitable
inescapably;inescapable
inevitably;inevitable
inexactly;inexact
inexcusably;inexcusable
inexhaustibly;inexhaustible
inexorably;inexorable
inexpediently;inexpedient
inexpensively;inexpensive
inexpertly;inexpert
inexpressively;inexpressive
inextricably;inextricable
infelicitously;infelicitous
infernally;infernal
infinitely;infinite
inflexibly;inflexible
influentially;influential
informally;informal
infrequently;infrequent
ingeniously;ingenious
ingenuously;ingenuous
ingloriously;inglorious
ingratiatingly;ingratiating
inhere;inherent
inherently;inherent
inhospitably;inhospitable
inimitably;inimitable
iniquitously;iniquitous
initially;initial
injudiciously;injudicious
inland;inland
innately;innate
innocently;innocent
inoffensively;inoffensive
inopportunely;inopportune
inordinately;inordinate
inorganically;inorganic
inquiringly;inquiring
insanely;insane
insecurely;insecure
insensitively;insensitive
inseparably;inseparable
inshore;inshore
inside;inside
insidiously;insidious
insignificantly;insignificant
insincerely;insincere
insipidly;insipid
insistently;insistent
insolently;insolent
inspirationally;inspirational
instantaneously;instantaneous
instantly;instant
instill;instill
institutionally;institutionalized
insubstantially;insubstantial
insufficiently;insufficient
insultingly;insulting
insuperably;insuperable
integrally;integral
intellectually;intellectual
intelligently;intelligent
intemperately;intemperate
intensely;intense
intentionally;intentional
intently;intent
interchangeably;interchangeable
interdepartmental;interdepartmental
interestingly;interesting
intermediately;intermediate
interminably;interminable
intermittently;intermittent
internally;internal
internationally;international
interracially;interracial
interrogatively;interrogative
intolerantly;intolerant
intradermally;intradermal
intramuscularly;intramuscular
intransitively;intransitive
intravenously;intravenous
intrepidly;intrepid
intricately;intricate
intuitively;intuitive
inversely;inverse
inveterately;inveterate
invidiously;invidious
invincibly;invincible
invisibly;invisible
invitingly;inviting
involuntarily;involuntary
inward;inward
inwardly;inward
inwards;inward
irately;irate
irrationally;irrational
irregularly;irregular
irrelevantly;irrelevant
irreparably;irreparable
irreproachably;irreproachable
irresistibly;irresistible
irresolutely;irresolute
irresponsibly;irresponsible
irretrievably;irretrievable
irreverently;irreverent
irreversibly;irreversible
irrevocably;irrevocable
jaggedly;jagged
jarringly;jarring
jauntily;jaunty
jealously;jealous
jeeringly;jeering
jejunely;jejune
jerkily;jerky
jestingly;jesting
jocosely;jocose
jocular;jocular
jointly;joint
jokingly;joking
jolly;jolly
journalistically;journalistic
jovially;jovial
joyfully;joyful
joylessly;joyless
joyously;joyous
jubilantly;jubilant
judically;judicable
judicially;judicial
jurisprudentially;jurisprudential
just;just
justifiedly;justified
justly;just
keenly;keen
killingly;killing
kinaesthetically;kinaesthetic
kindly;kind
kinesthetically;kinesthetic
knavishly;knavish
knee-deep;knee-deep
knowingly;knowing
laconically;laconic
lamely;lame
languidly;languid
languorously;languorous
large;large
largely;large
lasciviously;lascivious
lastingly;lasting
lastly;last
late;late
lately;late
latterly;latter
laudably;laudable
laughably;laughable
laughingly;laughing
lavishly;lavish
lawfully;lawful
lawlessly;lawless
laxly;lax
lazily;lazy
learnedly;learned
least;least
leeward;leeward
left;left
legally;legal
legato;legato
legibly;legible
legislatively;legislative
legitimately;legitimate
leisurely;leisure
lengthily;lengthy
lengthways;lengthways
lengthwise;lengthwise
leniently;lenient
lento;lento
less;less
lethargically;lethargic
lewdly;lewd
lexically;lexical
liberally;liberal
licentiously;licentious
licitly;licit
lief;lief
lifelessly;lifeless
light-handedly;light-handed
light-headedly;light-headed
lightly;light
lightsomely;lightsome
likely;like
likewise;likewise
limpidly;limpid
limply;limp
lineally;lineal
linearly;linear
lingeringly;lingering
lingually;lingual
linguistically;linguistic
listlessly;listless
literally;literal
little;little
lively;live
lividly;livid
locally;local
loftily;lofty
logarithmically;logarithmic
logically;logical
lonely;lone
longer;longer
longest;longest
longitudinally;longitudinal
long-windedly;long-winded
loose;loose
loosely;loose
lopsidedly;lopsided
loquaciously;loquacious
loud;loud
loudly;loud
lovingly;loving
loweringly;lowering
lowest;lowest
lowly;low
loyally;loyal
lucidly;lucid
luckily;lucky
ludicrously;ludicrous
lugubriously;lugubrious
lukewarmly;lukewarm
luridly;lurid
lusciously;luscious
lustfully;lustful
lustily;lusty
luxuriantly;luxuriant
madly;mad
magisterially;magisterial
magnanimously;magnanimous
magnificently;magnificent
magniloquently;magniloquent
mainly;main
majestically;majestic
maladroitly;maladroit
malapropos;malapropos
malevolently;malevolent
maliciously;malicious
malignantly;malignant
malleably;malleable
manageably;manageable
mandatorily;mandatory
manfully;manful
mangily;mangy
manifestly;manifest
manly;manly
man-to-man;man-to-man
manually;manual
marginally;marginal
markedly;marked
martially;martial
marvelously;marvelous
masochistically;masochistic
massively;massive
masterfully;masterful
materially;material
maternally;maternal
matrilineally;matrilineal
maturely;mature
mawkishly;mawkish
maximally;maximal
meagerly;meagerly
meagrely;meagre
meanderingly;meandering
meaningfully;meaningful
meanly;mean
measuredly;measured
mechanistically;mechanistic
medially;medial
medically;medical
medicinally;medicinal
meditatively;meditative
meekly;meek
mellowingly;mellowing
mellowly;mellow
melodramatically;melodramatic
menacingly;menacing
mendaciously;mendacious
menially;menial
mentally;mental
mercifully;merciful
mercilessly;merciless
merely;mere
meretriciously;meretricious
merrily;merry
messily;messy
metaphysically;metaphysical
methodically;methodical
methodologically;methodological
meticulously;meticulous
midmost;midmost
midway;midway
midweek;midweek
mightily;mighty
mighty;mighty
mildly;mild
militarily;military
mincingly;mincing
mindfully;mindful
mindlessly;mindless
minimally;minimal
ministerially;ministerial
minutely;minute
miraculously;miraculous
mirthfully;mirthful
mischievously;mischievous
miserably;miserable
misleadingly;misleading
mistakenly;mistaken
mistily;misty
mistrustfully;mistrustful
mockingly;mocking
moderately;moderate
modestly;modest
modishly;modish
moistly;moist
momentarily;momentary
monaurally;monaural
monolingually;monolingual
monosyllabically;monosyllabic
monstrously;monstrous
monthly;monthly
moodily;moody
moonily;moony
morally;moral
morbidly;morbid
more;more
morosely;morose
mortally;mortal
most;most
mostly;most
motherly;motherly
motionlessly;motionless
mournfully;mournful
movingly;moving
much;much
mulishly;mulish
multifariously;multifarious
mundanely;mundane
municipally;municipal
munificently;munificent
murkily;murky
musically;musical
musingly;musing
mutably;mutable
mutely;mute
mutually;mutual
mysteriously;mysterious
naively;naive
nakedly;naked
narrowly;narrow
narrow-mindedly;narrow-minded
nasally;nasal
nastily;nasty
nationally;national
nationwide;nationwide
nattily;natty
naughtily;naughty
near;near
nearby;nearby
nearer;nearer
nearest;nearest
nearly;near
neatly;neat
nebulously;nebulous
necessarily;necessary
needfully;needful
needlessly;needless
nefariously;nefarious
negatively;negative
neglectfully;neglectful
negligently;negligent
nervelessly;nerveless
nervily;nervy
nervously;nervous
neurobiological;neurobiological
neurotically;neurotic
new;new
newly;new
next;next
nicely;nice
nigh;nigh
nighest;nighest
nightly;nightly
nimbly;nimble
ninefold;ninefold
no;no
nocturnally;nocturnal
noiselessly;noiseless
noisily;noisy
nominally;nominal
nonchalantly;nonchalant
noncompetitively;noncompetitive
noncomprehensively;noncomprehensive
nonlexically;nonlexical
nonspecifically;nonspecific
nonstop;nonstop
nonverbally;nonverbal
nonviolently;nonviolent
normally;normal
north;north
northeast;northeast
northeastward;northeastward
northeastwardly;northeastward
northerly;northerly
northward;northward
northwards;northward
northwest;northwest
northwestward;northwestward
northwestwardly;northwestward
nostalgically;nostalgic
notably;notable
notoriously;notorious
noxiously;noxious
numbly;numb
nutritionally;nutritional
nuttily;nutty
o.k.;o.k.
obdurately;obdurate
obediently;obedient
objectively;objective
obligatorily;obligatory
obligingly;obliging
obliquely;oblique
obnoxiously;obnoxious
obscenely;obscene
obscurely;obscure
obsequiously;obsequious
observantly;observant
observingly;observing
obsessionally;obsessional
obstinately;obstinate
obstreperously;obstreperous
obtrusively;obtrusive
obtusely;obtuse
obviously;obvious
occasionally;occasional
oddly;odd
odiously;odious
off;off
offhandedly;offhanded
officially;official
offshore;offshore
offstage;offstage
often;frequent
ok;ok
okay;okay
ominously;ominous
once;once
one-on-one;one-on-one
onerously;onerous
only;only
onshore;onshore
onstage;onstage
onward;onward
onwards;onward
opaquely;opaque
openly;open
operationally;operational
opportunely;opportune
optimally;optimal
optimistically;optimistic
opulently;opulent
orally;oral
ordinarily;ordinary
organizationally;organizational
originally;original
ornately;ornate
osmotically;osmotic
ostentatiously;ostentatious
out;out
outlandishly;outlandish
outright;outright
outside;outside
outspokenly;outspoken
outstandingly;outstanding
outward;outward
outwardly;outward
outwards;outward
over;over
overbearingly;overbearing
overhead;overhead
overly;overlying
overmuch;overmuch
overnight;overnight
overpoweringly;overpowering
overtly;overt
overwhelmingly;overwhelming
owlishly;owlish
painfully;painful
painlessly;painless
painstakingly;painstaking
palely;pale
pallidly;pallid
palmately;palmate
palpably;palpable
pantingly;panting
paradoxically;paradoxical
pardonably;pardonable
parenterally;parenteral
parochially;parochial
partially;partial
particularly;particular
partly;part
part-time;part-time
passably;passable
passively;passive
pat;pat
patchily;patchy
patently;patent
paternally;paternal
pathetically;pathetic
pathogenically;pathogenic
patiently;patient
patrilineally;patrilineal
patriotically;patriotic
patronizingly;patronizing
peacefully;peaceful
peculiarly;peculiar
pedantically;pedantic
peevishly;peevish
pejoratively;pejorative
pell-mell;pell-mell
pellucidly;pellucid
penally;penal
penetratingly;penetrating
penitently;penitent
pensively;pensive
penuriously;penurious
perceptually;perceptual
peremptorily;peremptory
perennially;perennial
perfectly;perfect
perfidiously;perfidious
perfunctorily;perfunctory
perilously;perilous
peripherally;peripheral
perkily;perky
permanently;permanent
perniciously;pernicious
perpendicularly;perpendicular
perpetually;perpetual
perplexedly;perplexed
perseveringly;persevering
persistently;persistent
personally;personal
person-to-person;person-to-person
perspicuously;perspicuous
persuasively;persuasive
pertinaciously;pertinacious
pertinently;pertinent
pertly;pert
perversely;perverse
pessimistically;pessimistic
pettily;petty
pettishly;pettish
petulantly;petulant
phenomenally;phenomenal
philanthropically;philanthropic
phonemic;phonemic
phonetically;phonetic
photographically;photographic
phylogenetically;phylogenetic
physically;physical
pianissimo;pianissimo
pictorially;pictorial
picturesquely;picturesque
piecemeal;piecemeal
piercingly;piercing
piggishly;piggish
piggyback;piggyback
pinnately;pinnate
piously;pious
piquantly;piquant
piratically;piratical
piteously;piteous
pithy;pithy
pitiably;pitiable
pitifully;pitiful
pitilessly;pitiless
pityingly;pitying
pizzicato;pizzicato
placatingly;placating
placidly;placid
plaguey;plaguey
plaguily;plaguy
plaguy;plaguy
plain;plain
plainly;plain
plaintively;plaintive
plastically;plastic
plausibly;plausible
playfully;playful
pleadingly;pleading
pleasantly;pleasant
pleasingly;pleasing
plenarily;plenary
plenteously;plenteous
plentifully;plentiful
pliantly;pliant
ploddingly;plodding
pluckily;plucky
pneumatically;pneumatic
poignantly;poignant
point-blank;point-blank
pointedly;pointed
pointlessly;pointless
poisonously;poisonous
politely;polite
polygonally;polygonal
polysyllabically;polysyllabic
pompously;pompous
poorly;poorly
pop;pop
popishly;popish
popularly;popular
portably;portable
positively;positive
possibly;possible
post-free;post-free
posthumously;posthumous
postoperatively;postoperative
potentially;potential
potently;potent
powerfully;powerful
powerlessly;powerless
practically;practical
praiseworthily;praiseworthy
precariously;precarious
precedentedly;precedented
precious;precious
preciously;precious
precisely;precise
predominantly;predominant
preeminently;preeminent
prematurely;premature
preponderantly;preponderant
prepositionally;prepositional
preposterously;preposterous
presciently;prescient
presently;present
pressingly;pressing
prestissimo;prestissimo
presto;presto
pretentiously;pretentious
prettily;pretty
pretty;pretty
previously;previous
priggishly;priggish
primarily;primary
primitively;primitive
primly;prim
principally;principal
prissily;prissy
privately;private
privily;privy
pro;pro
probabilistically;probabilistic
probably;probable
prodigally;prodigal
prodigiously;prodigious
profanely;profane
professedly;professed
professorially;professorial
proficiently;proficient
profitlessly;profitless
profligately;profligate
profoundly;profound
profusely;profuse
progressively;progressive
prominently;prominent
promiscuously;promiscuous
promisingly;promising
promptly;prompt
properly;proper
propitiously;propitious
proportionally;proportional
prosaically;prosaic
prosily;prosy
protestingly;protesting
protractedly;protracted
proudly;proud
provably;provable
proverbially;proverbial
providently;provident
provincially;provincial
provokingly;provoking
prudently;prudent
prudishly;prudish
pruriently;prurient
pryingly;prying
psychologically;psychological
publicly;public
puckishly;puckish
pugnaciously;pugnacious
punctiliously;punctilious
punctually;punctual
pungently;pungent
punily;puny
punishingly;punishing
punitively;punitive
punitorily;punitory
purely;pure
purportedly;purported
purposefully;purposeful
purposelessly;purposeless
pusillanimously;pusillanimous
quaintly;quaint
qualitatively;qualitative
quantitatively;quantitative
quarterly;quarterly
quaveringly;quavering
queasily;queasy
queerly;queer
querulously;querulous
questioningly;questioning
quick;quick
quickly;quick
quite;(quite)
quiet;quiet
quietly;quiet
quixotically;quixotic
racially;racial
racily;racy
radially;radial
radiantly;radiant
radically;radical
raffishly;raffish
raggedly;ragged
rakishly;rakish
rallentando;rallentando
ramblingly;rambling
rampantly;rampant
randomly;random
rapaciously;rapacious
rapidly;rapid
rapturously;rapturous
rarely;rare
rashly;rash
raspingly;rasping
rationally;rational
raucously;raucous
raving;raving
ravingly;raving
ravishingly;ravishing
readably;readable
readily;ready
real;real
really;real
rearward;rearward
rearwards;rearward
reassuringly;reassuring
rebelliously;rebellious
recently;recent
reciprocally;reciprocal
recklessly;reckless
recurrently;recurrent
redly;red
reflexly;reflex
refreshfully;refreshful
refreshingly;refreshing
regally;regal
regimentally;regimental
regionally;regional
regretfully;regretful
regrettably;regrettable
regularly;regular
relativistically;relativistic
relentlessly;relentless
relevantly;relevant
reliably;reliable
religiously;religious
reluctantly;reluctant
remarkably;remarkable
reminiscently;reminiscent
remorsefully;remorseful
remorselessly;remorseless
remotely;remote
rent-free;rent-free
repeatedly;repeated
repentantly;repentant
reportedly;reported
reprehensibly;reprehensible
reprehensively;reprehensible
reproachfully;reproachful
reprovingly;reproving
repulsively;repulsive
reputedly;reputed
resentfully;resentful
reservedly;reserved
residentially;residential
resignedly;resigned
resolutely;resolute
resoundingly;resounding
resourcefully;resourceful
respectfully;respectful
resplendently;resplendent
restfully;restful
restively;restive
restlessly;restless
retail;retail
reticently;reticent
retroactively;retroactive
retrospectively;retrospective
revengefully;revengeful
reversely;reverse
revoltingly;revolting
rhapsodically;rhapsodic
rhetorically;rhetorical
richly;rich
ridiculously;ridiculous
right-down;right-down
righteously;righteous
rightfully;rightful
rightly;right
rigidly;rigid
riotously;riotous
ripely;ripe
riskily;risky
ritually;ritual
roaring;roaring
robustly;robust
roguishly;roguish
rollickingly;rollicking
roomily;roomy
rotationally;rotational
rottenly;rotten
rotundly;rotund
rough;rough
roughly;rough
round-arm;round-arm
roundly;round
routinely;routine
rowdily;rowdy
royally;royal
rudely;rude
ruefully;rueful
ruggedly;rugged
ruinously;ruinous
rurally;rural
ruthlessly;ruthless
sacredly;sacred
sacrilegiously;sacrilegious
sadly;sad
safely;safe
sagaciously;sagacious
sagely;sage
salaciously;salacious
same;same
sanctimoniously;sanctimonious
sanely;sane
sapiently;sapient
sarcastically;sarcastic
sardonically;sardonic
satisfactorily;satisfactory
satisfyingly;satisfying
saucily;saucy
savagely;savage
scandalously;scandalous
scantily;scanty
scarce;scarce
scarcely;scarce
scarily;scary
scathingly;scathing
scenically;scenic
sceptically;sceptical
schematically;schematic
scholastically;scholastic
scientifically;scientific
scornfully;scornful
scrappily;scrappy
screakily;screaky
screamingly;screaming
scrumptiously;scrumptious
scrupulously;scrupulous
scurrilously;scurrilous
scurvily;scurvy
searchingly;searching
seasonally;seasonal
seaward;seaward
seawards;seaward
secondarily;secondary
second-best;second-best
secondhand;secondhand
secondly;second
secretly;secret
securely;secure
sedately;sedate
sedulously;sedulous
seemingly;seeming
self-conceitedly;self-conceited
self-consciously;self-conscious
selfishly;selfish
selflessly;selfless
self-righteously;self-righteous
semantically;semantic
sensationally;sensational
senselessly;senseless
sensibly;sensible
sensually;sensual
sensuously;sensuous
sentimentally;sentimental
separately;separate
sequentially;sequential
serenely;serene
serially;serial
seriously;serious
servilely;servile
sevenfold;sevenfold
seventhly;seventh
severely;severe
sexually;sexual
shabbily;shabby
shaggily;shaggy
shakily;shaky
shallowly;shallow
shamefacedly;shamefaced
shamefully;shameful
shamelessly;shameless
shapelessly;shapeless
sharp;sharp
sharply;sharp
sheepishly;sheepish
sheer;sheer
shiftily;shifty
shockingly;shocking
shoddily;shoddy
short;short
shortly;short
showily;showy
shrewdly;shrewd
shrewishly;shrewish
shudderingly;shuddering
shyly;shy
sickeningly;sickening
sidearm;sidearm
sidelong;sidelong
sidesplittingly;sidesplitting
significantly;significant
silently;silent
silkily;silky
similarly;similar
simply;simple
simultaneously;simultaneous
sincerely;sincere
single-handed;single-handed
singlehandedly;singlehanded
single-handedly;single-handed
singly;single
singularly;singular
sinusoidally;sinusoidal
sixfold;sixfold
sixthly;sixth
skeptically;skeptical
sketchily;sketchy
skilfully;skilful
skillfully;skillful
skimpily;skimpy
skittishly;skittish
skyward;skyward
skywards;skyward
slackly;slack
slangily;slangy
slantingly;slanting
slap;slapped
slapdash;slapdash
slavishly;slavish
sleekly;sleek
sleepily;sleepy
sleeplessly;sleepless
slenderly;slender
slickly;slick
slightingly;slighting
slightly;slight
slimly;slim
slopingly;sloping
sloppily;sloppy
slouchily;slouchy
slouchingly;slouching
slow;slow
slowly;slow
sluggishly;sluggish
slyly;sly
small;small
small-mindedly;small-minded
smarmily;smarmy
smartly;smart
smashingly;smashing
smilingly;smiling
smolderingly;smoldering
smoothly;smooth
smoulderingly;smouldering
smugly;smug
smuttily;smutty
snappishly;snappish
sneakily;sneaky
sneakingly;sneaking
sneeringly;sneering
snidely;snide
snobbishly;snobbish
snootily;snooty
snugly;snug
so;so
soberly;sober
sociably;sociable
socially;social
socioeconomically;socioeconomic
sociolinguistically;sociolinguistic
sociologically;sociological
soft;soft
softly;soft
solely;sole
solemnly;solemn
solidly;solid
solitarily;solitary
solubly;soluble
somberly;somber
sombrely;sombre
some;some
sometime;sometime
sometimes;sometime
somnolently;somnolent
soothingly;soothing
sopping;sopping
sordidly;sordid
sorely;sore
sorrowfully;sorrowful
so-so;so-so
sottishly;sottish
soughingly;soughing
soulfully;soulful
soullessly;soulless
soundlessly;soundless
soundly;sound
sourly;sour
south;south
southeast;southeast
southeastward;southeastward
southeastwardly;southeastward
southerly;southerly
southward;southward
southwards;southward
southwest;southwest
southwestward;southwestward
southwestwardly;southwestward
spaciously;spacious
sparely;spare
sparingly;sparing
sparsely;sparse
spasmodically;spasmodic
specially;special
speciously;specious
spectacularly;spectacular
spectrographically;spectrographic
speculatively;speculative
speechlessly;speechless
speedily;speedy
spicily;spicy
spinally;spinal
spirally;spiral
spitefully;spiteful
splendidly;splendid
spontaneously;spontaneous
spookily;spooky
sporadically;sporadic
sportingly;sporting
sportively;sportive
spotlessly;spotless
sprucely;spruce
spuriously;spurious
squalidly;squalid
squarely;square
squeamishly;squeamish
staccato;staccato
staggeringly;staggering
stagily;stagy
staidly;staid
stammeringly;stammering
standoffishly;standoffish
staring;staring
staringly;staring
stark;stark
starkly;stark
startlingly;startling
statewide;statewide
statically;static
statutorily;statutory
staunchly;staunch
steadfastly;steadfast
steadily;steady
stealthily;stealthy
steeply;steep
stepwise;stepwise
sternly;stern
stertorously;stertorous
stickily;sticky
stiff;stiff
stiffly;stiff
still;still
stiltedly;stilted
stingily;stingy
stirringly;stirring
stochastically;stochastic
stockily;stocky
stock-still;stock-still
stodgily;stodgy
stoically;stoical
stolidly;stolid
stonily;stony
stormily;stormy
stoutly;stout
stragglingly;straggling
straight;straight
straightaway;straightaway
straight-backed;straight-backed
straightforwardly;straightforward
strangely;strange
strenuously;strenuous
strictly;strict
stridently;strident
strikingly;striking
stringently;stringent
strongly;strong
structurally;structural
stubbornly;stubborn
studiously;studious
stuffily;stuffy
stunningly;stunning
stupendously;stupendous
stupidly;stupid
sturdily;sturdy
stutteringly;stuttering
stylishly;stylish
suavely;suave
subconsciously;subconscious
subcutaneously;subcutaneous
sublimely;sublime
submissively;submissive
subsequently;subsequent
subserviently;subservient
substantially;substantial
subtly;subtle
successfully;successful
successively;successive
succinctly;succinct
such;such
suddenly;sudden
sufficiently;sufficient
suitably;suitable
sulkily;sulky
sullenly;sullen
sultrily;sultry
summarily;summary
sumptuously;sumptuous
sunnily;sunny
superbly;superb
superciliously;supercilious
superficially;superficial
superfluously;superfluous
superlatively;superlative
supernaturally;supernatural
superstitiously;superstitious
supinely;supine
supposedly;supposed
supremely;supreme
sure;sure
surefootedly;surefooted
surely;sure
surgically;surgical
surlily;surly
surpassingly;surpassing
surprisedly;surprised
surprisingly;surprising
surreptitiously;surreptitious
susceptibly;susceptible
suspiciously;suspicious
sweepingly;sweeping
sweet;sweet
sweetly;sweet
swiftly;swift
swimmingly;swimming
symbiotically;symbiotic
sympathetically;sympathetic
symptomatically;symptomatic
tacitly;tacit
taciturnly;taciturn
tactfully;tactful
tactlessly;tactless
tactually;tactual
talkily;talky
tamely;tame
tangentially;tangential
tangibly;tangible
tantalizingly;tantalizing
tardily;tardy
tartly;tart
tastefully;tasteful
tastelessly;tasteless
tastily;tasty
tattily;tatty
tauntingly;taunting
tautly;taut
tawdrily;tawdry
tearfully;tearful
teasingly;teasing
technically;technical
technologically;technological
tediously;tedious
telegraphically;telegraphic
tellingly;telling
temperamentally;temperamental
temporally;temporal
temporarily;temporary
temptingly;tempting
tenably;tenable
tenaciously;tenacious
tenderly;tender
tenfold;tenfold
tensely;tense
tentatively;tentative
tenthly;tenth
tenuously;tenuous
tepidly;tepid
terminally;terminal
terribly;terrible
terrifically;terrific
territorially;territorial
tersely;terse
testily;testy
tetchily;tetchy
thankfully;thankful
thematically;thematic
then;then
theologically;theological
thermally;thermal
thermostatically;thermostatic
thick;thick
thickly;thick
thievishly;thievish
thinly;thin
third;third
thirdly;third
thirstily;thirsty
thoroughly;thorough
thoughtfully;thoughtful
thoughtlessly;thoughtless
threateningly;threatening
threefold;threefold
thriftily;thrifty
thriftlessly;thriftless
through;through
tidily;tidy
tight;tight
tightly;tight
timidly;timid
timorously;timorous
tiptoe;tiptoe
tiredly;tired
tirelessly;tireless
together;together
tolerantly;tolerant
tonelessly;toneless
tongue-in-cheek;tongue-in-cheek
topically;topical
toppingly;topping
topsy-turvily;topsy-turvy
topsy-turvy;topsy-turvy
torpidly;torpid
tortuously;tortuous
totally;total
touchily;touchy
touchingly;touching
toughly;tough
tractably;tractable
traditionally;traditional
traitorously;traitorous
tranquilly;tranquil
transiently;transient
transitionally;transitional
transitively;transitive
transitorily;transitory
transversely;transverse
treacherously;treacherous
trebly;treble
tremendously;tremendous
tremulously;tremulous
trenchantly;trenchant
trepidly;trepid
trickily;tricky
trimly;trim
trippingly;tripping
tritely;trite
triumphantly;triumphant
trivially;trivial
truculently;truculent
truly;true
trustfully;trustful
trustingly;trusting
truthfully;truthful
tumultuously;tumultuous
tunefully;tuneful
tunelessly;tuneless
turbulently;turbulent
turgidly;turgid
twofold;twofold
ultimately;ultimate
ultrasonically;ultrasonic
unabashedly;unabashed
unaccompanied;unaccompanied
unaccountably;unaccountable
unachievably;unachievable
unadvisedly;unadvised
unalterably;unalterable
unambiguously;unambiguous
unambitiously;unambitious
unanimously;unanimous
unappealingly;unappealing
unashamedly;unashamed
unassailably;unassailable
unassertively;unassertive
unassumingly;unassuming
unattainably;unattainable
unattractively;unattractive
unavoidably;unavoidable
unawares;unaware
unbearably;unbearable
unbecomingly;unbecoming
unbeknown;unbeknown
unbeknownst;unbeknownst
unbelievingly;unbelieving
unblinkingly;unblinking
uncannily;uncanny
unceasingly;unceasing
uncertainly;uncertain
uncharacteristically;uncharacteristic
unchivalrously;unchivalrous
uncivilly;uncivil
unco;unco
uncomfortably;uncomfortable
uncommonly;uncommon
uncomparably;uncomparable
uncomplainingly;uncomplaining
uncompromisingly;uncompromising
unconcernedly;unconcerned
unconditionally;unconditional
unconsciously;unconscious
unconstitutionally;unconstitutional
uncontroversially;uncontroversial
unconventionally;unconventional
unconvincingly;unconvincing
uncouthly;uncouth
uncritically;uncritical
unctuously;unctuous
undecipherably;undecipherable
undemocratically;undemocratic
undeniably;undeniable
undependably;undependable
under;under
underarm;underarm
underground;underground
underhandedly;underhanded
understandingly;understanding
undeservedly;undeserved
undiplomatically;undiplomatic
undisputedly;undisputed
undoubtedly;undoubted
undramatically;undramatic
unduly;undue
uneasily;uneasy
unemotionally;unemotional
unendingly;unending
unenergetically;unenergetic
unenthusiastically;unenthusiastic
unequally;unequal
unequivocally;unequivocal
unerringly;unerring
unethically;unethical
unevenly;uneven
uneventfully;uneventful
unexcitingly;unexciting
unexpectedly;unexpected
unfailingly;unfailing
unfairly;unfair
unfaithfully;unfaithful
unfalteringly;unfaltering
unfashionably;unfashionable
unfavorably;unfavorable
unfavourably;unfavourable
unfeelingly;unfeeling
unfeignedly;unfeigned
unforgettably;unforgettable
unforgivingly;unforgiving
unfortunately;unfortunate
ungracefully;ungraceful
ungraciously;ungracious
ungrammatically;ungrammatical
ungratefully;ungrateful
ungrudgingly;ungrudging
unhappily;unhappy
unharmoniously;unharmonious
unhelpfully;unhelpful
unhesitatingly;unhesitating
unhurriedly;unhurried
unhygienically;unhygienic
uniformly;uniform
unilaterally;unilateral
unimpeachably;unimpeachable
unintelligently;unintelligent
unintentionally;unintentional
uninterestingly;uninteresting
uninterruptedly;uninterrupted
uninvitedly;uninvited
uniquely;unique
unitedly;united
universally;universal
unjustly;unjust
unkindly;unkindly
unknowingly;unknowing
unlawfully;unlawful
unluckily;unlucky
unmanageably;unmanageable
unmanfully;unmanful
unmanly;unmanly
unmelodiously;unmelodious
unmemorably;unmemorable
unmercifully;unmerciful
unmindfully;unmindful
unmistakably;unmistakable
unmusically;unmusical
unnaturally;unnatural
unnecessarily;unnecessary
unnoticeably;unnoticeable
unobtrusively;unobtrusive
unofficially;unofficial
unpalatably;unpalatable
unpardonably;unpardonable
unpatriotically;unpatriotic
unpleasantly;unpleasant
unprecedentedly;unprecedented
unpretentiously;unpretentious
unproductively;unproductive
unprofitably;unprofitable
unpropitiously;unpropitious
unqualifiedly;unqualified
unquestionably;unquestionable
unquestioningly;unquestioning
unquietly;unquiet
unrealistically;unrealistic
unreasoningly;unreasoning
unrecognisable;unrecognisable
unrecognizably;unrecognizable
unrelentingly;unrelenting
unreliably;unreliable
unrepentantly;unrepentant
unreproducibly;unreproducible
unreservedly;unreserved
unrestrainedly;unrestrained
unrighteously;unrighteous
unromantically;unromantic
unsatisfactorily;unsatisfactory
unscientifically;unscientific
unscrupulously;unscrupulous
unselfconsciously;unselfconscious
unselfishly;unselfish
unsentimentally;unsentimental
unshakably;unshakable
unsmilingly;unsmiling
unsparingly;unsparing
unspeakably;unspeakable
unsportingly;unsporting
unsteadily;unsteady
unstintingly;unstinting
unsuccessfully;unsuccessful
unsuspectingly;unsuspecting
unswervingly;unswerving
unsympathetically;unsympathetic
unthinkingly;unthinking
untidily;untidy
untimely;untimely
untruly;untrue
untruthfully;untruthful
untypically;untypical
unusually;unusual
unutterably;unutterable
unwantedly;unwanted
unwarily;unwary
unwarrantably;unwarrantable
unwaveringly;unwavering
unwillingly;unwilling
unwisely;unwise
unwittingly;unwitting
unwontedly;unwonted
unworthily;unworthy
up;up
uphill;uphill
uppermost;uppermost
uppishly;uppish
uprightly;upright
upriver;upriver
uproariously;uproarious
upstage;upstage
upstate;upstate
upstream;upstream
uptown;uptown
upward;upward
upwardly;upward
upwards;upward
upwind;upwind
urgently;urgent
usefully;useful
uselessly;useless
usually;usual
usuriously;usurious
utterly;utter
vacantly;vacant
vacuously;vacuous
vaguely;vague
vainly;vain
valiantly;valiant
validly;valid
valorously;valorous
vanishingly;vanishing
vapidly;vapid
variously;various
vastly;vast
vehemently;vehement
venally;venal
vengefully;vengeful
ventrally;ventral
verbally;verbal
verbatim;verbatim
verbosely;verbose
verily;very
veritably;veritable
vertically;vertical
very;considerable
viably;viable
viciously;vicious
vigilantly;vigilant
vigorously;vigorous
vilely;vile
vindictively;vindictive
violently;violent
virtually;virtual
virtuously;virtuous
virulently;virulent
vis-a-vis;vis-a-vis
viscerally;visceral
viscidly;viscid
visibly;visible
visually;visual
vitally;vital
vitriolically;vitriolic
vivace;vivace
vivaciously;vivacious
vividly;vivid
vocally;vocal
vocationally;vocational
vociferously;vociferous
volcanically;volcanic
volitionally;volitional
volubly;voluble
voluntarily;voluntary
voluptuously;voluptuous
voraciously;voracious
vulgarly;vulgar
vulnerably;vulnerable
wackily;wacky
waggishly;waggish
wanly;wan
wantonly;wanton
warily;wary
warmly;warm
wastefully;wasteful
watchfully;watchful
wayward;wayward
weakly;weakly
wealthily;wealthy
wearily;weary
weekly;weekly
weightily;weighty
weirdly;weird
well;good
well-timed;well-timed
westerly;westerly
westward;westward
westwards;westward
wheezily;wheezy
wheezingly;wheezing
whimsically;whimsical
whiningly;whining
wholeheartedly;wholehearted
wholesale;wholesale
wholly;whole
whopping;whopping
wickedly;wicked
wide;wide
widely;wide
wild;wild
wildly;wild
wilfully;wilful
willfully;willful
willingly;willing
windily;windy
windward;windward
winsomely;winsome
wisely;wise
wishfully;wishful
wistfully;wistful
witheringly;withering
wittily;witty
wittingly;witting
woefully;woeful
wonderfully;wonderful
wonderingly;wondering
wondrously;wondrous
woodenly;wooden
wordily;wordy
wordlessly;wordless
worldwide;worldwide
worriedly;worried
worryingly;worrying
worse;worse
worst;worst
worthily;worthy
worthlessly;worthless
wrathfully;wrathful
wretchedly;wretched
wrongfully;wrongful
wrongheadedly;wrongheaded
wrongly;wrong
wryly;wry
yearly;yearly
yearningly;yearning
yieldingly;yielding
yon;yon
yonder;yonder
youthfully;youthful
zealously;zealous
zestfully;zestful
zestily;zesty
zigzag;zigzag
