v;know;ignore
v;ability;inability
a;wigged;wigless
a;carpellate;acarpelous
a;caulescent;acaulescent
a;chondritic;achondritic
a;cyclic;acyclic
a;gnostic;agnostic
a;periodic;aperiodic
n;symmetry;asymmetry
n;synchronism;asynchronism
a;syndetic;asyndetic
n;tonality;atonality
n;tonicity;atonicity
a;typical;atypical
r;typically;atypically
a;zonal;azonal
a;normal;abnormal
a;anonymous;onymous
a;alphabetic;analphabetic
a;estrous;anestrous
a;hydrous;anhydrous
a;isotropic;anisotropic
n;offense;defense
a;constructive;destructive
a;dejected;elated
r;defensively;offensively
a;confident;diffident
r;encouragingly;discouragingly
v;disagree;agree
v;disallow;allow
n;disapproval;approval
v;advantage;disadvantage
r;advantageously;disadvantageously
n;agreeableness;disagreeableness
r;agreeably;disagreeably
n;approbation;disapprobation
v;approve;disapprove
r;approvingly;disapprovingly
n;assortative_mating;disassortative_mating
v;avow;disavow
a;calced;discalced
n;comfort;discomfort
a;composed;discomposed
n;contentment;discontentment
n;continuance;discontinuance
n;continuation;discontinuation
v;continue;discontinue
a;continued;discontinued
n;encouragement;discouragement
a;encouraging;discouraging
a;courteous;discourteous
n;courtesy;discourtesy
a;enchanted;disenchanted
v;esteem;disesteem
a;honest;dishonest
r;honestly;dishonestly
n;honesty;dishonesty
v;honor;dishonor
n;honorableness;dishonorableness
n;inclination;disinclination
a;ingenuous;disingenuous
n;ingenuousness;disingenuousness
v;bequeath;disinherit
n;liking;dislike
a;loyal;disloyal
r;loyally;disloyally
n;obedience;disobedience
r;obediently;disobediently
v;oblige;disoblige
a;ordered;disordered
a;orderly;disorderly
a;pleased;displeased
a;proportionate;disproportionate
v;qualify;disqualify
a;respectful;disrespectful
n;satisfaction;dissatisfaction
v;satisfy;dissatisfy
a;similar;dissimilar
n;similitude;dissimilitude
n;harmony;dissonance
r;dishonorably;honorably
r;disreputably;reputably
r;distrustfully;trustfully
n;utopia;dystopia
a;legal;illegal
n;legibility;illegibility
a;legible;illegible
a;legitimate;illegitimate
a;licit;illicit
n;licitness;illicitness
a;literate;illiterate
a;logical;illogical
n;logicalness;illogicalness
r;illegitimately;legitimately
n;balance;imbalance
a;material;immaterial
a;mature;immature
n;mobility;immobility
a;moderate;immoderate
r;modestly;immodestly
n;modesty;immodesty
a;moral;immoral
n;morality;immorality
a;mortal;immortal
n;mortality;immortality
n;motility;immotility
n;movability;immovability
n;movableness;immovableness
n;mutableness;immutableness
n;palpability;impalpability
a;palpable;impalpable
a;partial;impartial
n;partiality;impartiality
a;passable;impassable
n;penetrability;impenetrability
a;penetrable;impenetrable
n;perfectibility;imperfectibility
r;perfectly;imperfectly
n;permanence;impermanence
a;permanent;impermanent
a;permeable;impermeable
a;permissible;impermissible
r;permissibly;impermissibly
a;pervious;impervious
n;perviousness;imperviousness
a;placable;implacable
n;plausibility;implausibility
a;plausible;implausible
a;polite;impolite
r;politely;impolitely
n;possibility;impossibility
a;potent;impotent
n;practicability;impracticability
n;practicableness;impracticableness
a;practical;impractical
n;practicality;impracticality
r;precisely;imprecisely
n;precision;imprecision
n;probability;improbability
a;probable;improbable
a;proper;improper
n;propriety;impropriety
a;provident;improvident
n;prudence;imprudence
r;prudently;imprudently
n;purity;impurity
r;immaturely;maturely
n;immediacy;mediacy
r;impatiently;patiently
r;imperceptibly;perceptibly
r;impersonally;personally
n;impotence;potence
n;incoherence;coherence
r;incredibly;credibly
r;incredulously;credulously
n;indispensability;dispensability
n;indispensableness;dispensableness
n;inerrancy;errancy
a;inevitable;evitable
r;informally;formally
a;accessible;inaccessible
n;accuracy;inaccuracy
v;activate;inactivate
n;activation;inactivation
a;active;inactive
n;activeness;inactiveness
n;activity;inactivity
n;admissibility;inadmissibility
r;advertently;inadvertently
a;alienable;inalienable
a;animate;inanimate
r;appropriately;inappropriately
n;appropriateness;inappropriateness
a;articulate;inarticulate
a;audible;inaudible
r;audibly;inaudibly
a;auspicious;inauspicious
r;auspiciously;inauspiciously
n;capability;incapability
n;capableness;incapableness
r;cautiously;incautiously
a;clement;inclement
a;coherent;incoherent
r;coherently;incoherently
a;commensurate;incommensurate
a;commodious;incommodious
a;comparable;incomparable
n;competence;incompetence
n;completeness;incompleteness
n;comprehensibility;incomprehensibility
a;comprehensible;incomprehensible
n;comprehension;incomprehension
n;compressibility;incompressibility
a;compressible;incompressible
r;conclusively;inconclusively
n;conclusiveness;inconclusiveness
a;congruent;incongruent
n;congruity;incongruity
a;congruous;incongruous
n;congruousness;incongruousness
n;consequence;inconsequence
a;considerable;inconsiderable
a;conspicuous;inconspicuous
a;contestable;incontestable
a;continent;incontinent
a;convenient;inconvenient
n;convertibility;inconvertibility
a;convertible;inconvertible
a;corporeal;incorporeal
n;corporeality;incorporeality
a;correct;incorrect
r;correctly;incorrectly
n;correctness;incorrectness
a;corrupt;incorrupt
n;corruptibility;incorruptibility
n;credibility;incredibility
a;credible;incredible
a;credulous;incredulous
n;curability;incurability
a;curable;incurable
a;curious;incurious
r;decisively;indecisively
r;decorously;indecorously
a;defeasible;indefeasible
a;definite;indefinite
a;dehiscent;indehiscent
n;destructibility;indestructibility
a;destructible;indestructible
a;determinate;indeterminate
a;digestible;indigestible
a;direct;indirect
r;directly;indirectly
n;directness;indirectness
a;discreet;indiscreet
a;dispensable;indispensable
n;distinctness;indistinctness
r;effectively;ineffectively
n;effectiveness;ineffectiveness
r;effectually;ineffectually
n;efficacy;inefficacy
a;efficient;inefficient
n;elegance;inelegance
a;elegant;inelegant
r;elegantly;inelegantly
r;eloquently;ineloquently
n;equality;inequality
a;exact;inexact
r;exactly;inexactly
n;exactness;inexactness
a;excusable;inexcusable
n;expedience;inexpedience
n;expediency;inexpediency
a;expedient;inexpedient
r;expediently;inexpediently
a;explicable;inexplicable
a;expressible;inexpressible
r;expressively;inexpressively
a;extinguishable;inextinguishable
a;felicitous;infelicitous
r;felicitously;infelicitously
n;flexibility;inflexibility
a;flexible;inflexible
r;flexibly;inflexibly
r;frequently;infrequently
a;harmonious;inharmonious
n;hospitableness;inhospitableness
r;hospitably;inhospitably
n;hospitality;inhospitality
r;humanely;inhumanely
n;humaneness;inhumaneness
r;judiciously;injudiciously
n;justice;injustice
a;noxious;innocuous
a;numerate;innumerate
a;offensive;inoffensive
a;operable;inoperable
a;operative;inoperative
r;organically;inorganically
n;salubriousness;insalubriousness
a;sane;insane
n;sanity;insanity
a;satiate;insatiate
n;secureness;insecureness
n;security;insecurity
n;sensibility;insensibility
a;sensible;insensible
r;sensitively;insensitively
n;sensitivity;insensitivity
r;separably;inseparably
n;significance;insignificance
r;significantly;insignificantly
a;sincere;insincere
n;solubility;insolubility
a;soluble;insoluble
n;solvency;insolvency
n;subordination;insubordination
a;substantial;insubstantial
n;substantiality;insubstantiality
n;sufficiency;insufficiency
a;sufficient;insufficient
a;surmountable;insurmountable
n;tangibility;intangibility
a;tangible;intangible
n;temperance;intemperance
a;temperate;intemperate
a;testate;intestate
r;tolerably;intolerably
r;tolerantly;intolerantly
a;transitive;intransitive
n;transitivity;intransitivity
a;valid;invalid
n;variability;invariability
a;variable;invariable
a;vertebrate;invertebrate
a;violable;inviolable
n;visibility;invisibility
a;visible;invisible
r;voluntarily;involuntarily
a;voluntary;involuntary
r;inopportunely;opportunely
n;political_correctness;political_incorrectness
r;insanely;sanely
n;instability;stability
a;rational;irrational
r;rationally;irrationally
a;reconcilable;irreconcilable
r;regularly;irregularly
n;relevance;irrelevance
a;remediable;irremediable
a;removable;irremovable
a;replaceable;irreplaceable
a;resistible;irresistible
r;resolutely;irresolutely
n;resoluteness;irresoluteness
n;responsibility;irresponsibility
a;responsible;irresponsible
n;responsibleness;irresponsibleness
r;responsibly;irresponsibly
n;reverence;irreverence
a;reversible;irreversible
a;go;no-go
n;nondrinker;drinker
n;engagement;non-engagement
n;involvement;non-involvement
n;market_economy;non-market_economy
n;absorbency;nonabsorbency
a;addictive;nonaddictive
a;adhesive;nonadhesive
a;aligned;nonaligned
n;alignment;nonalignment
a;arbitrary;nonarbitrary
a;arboreal;nonarboreal
a;astringent;nonastringent
n;attendance;nonattendance
n;biodegradable_pollution;nonbiodegradable_pollution
n;citizen;noncitizen
a;combustible;noncombustible
a;commercial;noncommercial
a;commissioned;noncommissioned
a;competitive;noncompetitive
r;competitively;noncompetitively
a;comprehensive;noncomprehensive
a;conductive;nonconductive
n;conformist;nonconformist
n;conformity;nonconformity
a;disposable;nondisposable
n;equivalence;nonequivalence
n;existence;nonexistence
a;existent;nonexistent
a;exploratory;nonexploratory
a;explosive;nonexplosive
a;fatty;nonfat
a;fictional;nonfictional
a;fissile;nonfissile
a;human;nonhuman
a;imitative;nonimitative
a;industrial;nonindustrial
a;infectious;noninfectious
a;inheritable;noninheritable
a;institutionalized;noninstitutionalized
a;integrated;nonintegrated
a;intellectual;nonintellectual
n;intervention;nonintervention
a;invasive;noninvasive
a;ionic;nonionic
a;ionized;nonionized
a;linguistic;nonlinguistic
a;magnetic;nonmagnetic
n;member;nonmember
a;modern;nonmodern
a;monotonic;nonmonotonic
a;moving;nonmoving
a;native;nonnative
n;observance;nonobservance
a;operational;nonoperational
n;participation;nonparticipation
a;particulate;nonparticulate
a;passerine;nonpasserine
a;photosynthetic;nonphotosynthetic
a;political;nonpolitical
a;porous;nonporous
a;prehensile;nonprehensile
a;prescription;nonprescription
a;professional;nonprofessional
a;psychoactive;nonpsychoactive
a;racial;nonracial
a;random;nonrandom
a;reciprocal;nonreciprocal
a;reflective;nonreflective
a;repetitive;nonrepetitive
n;resident;nonresident
a;residential;nonresidential
a;reticulate;nonreticulate
a;returnable;nonreturnable
a;rigid;nonrigid
a;ruminant;nonruminant
a;sectarian;nonsectarian
a;significant;insignificant
a;spatial;nonspatial
a;speaking;nonspeaking
a;spherical;nonspherical
a;steroidal;nonsteroidal
a;syllabic;nonsyllabic
a;taxable;nontaxable
a;technical;nontechnical
a;thermal;nonthermal
a;traditional;nontraditional
a;violent;nonviolent
a;washable;nonwashable
a;woody;nonwoody
n;nonsingular_matrix;singular_matrix
n;nonsmoker;smoker
a;nontranslational;translational
n;nonvolatile_storage;volatile_storage
n;nonworker;worker
n;non-proliferation;proliferation
n;nonproliferation;proliferation
a;on-line;off-line
a;off-street;on-street
a;offstage;onstage
a;on-site;off-site
a;onside;offside
n;categorem;syncategorem
a;categorematic;syncategorematic
n;categoreme;syncategoreme
n;unaffectedness;affectedness
a;anastigmatic;astigmatic
r;uncomplainingly;complainingly
a;uncompromising;compromising
n;unequivocalness;equivocalness
r;unhesitatingly;hesitantly
n;unpretentiousness;pretentiousness
r;unremarkably;remarkably
n;unstableness;stableness
r;unsteadily;steadily
n;unsusceptibility;susceptibility
a;able;unable
a;abused;unabused
n;acceptability;unacceptability
a;accommodating;unaccommodating
a;actable;unactable
n;adaptability;unadaptability
a;adaptable;unadaptable
a;addicted;unaddicted
a;adorned;unadorned
a;adventurous;unadventurous
a;affected;unaffected
a;afraid;unafraid
a;aggressive;unaggressive
a;airworthy;unairworthy
a;alert;unalert
a;alike;unalike
n;alterability;unalterability
a;altered;unaltered
a;ambiguous;unambiguous
r;ambiguously;unambiguously
r;ambitiously;unambitiously
a;amended;unamended
a;analyzed;unanalyzed
a;apologetic;unapologetic
a;appealing;unappealing
a;appendaged;unappendaged
a;appetizing;unappetizing
n;appetizingness;unappetizingness
a;armed;unarmed
a;armored;unarmored
a;articulated;unarticulated
a;ashamed;unashamed
a;assertive;unassertive
a;assigned;unassigned
a;attractive;unattractive
r;attractively;unattractively
n;availability;unavailability
a;available;unavailable
a;avenged;unavenged
a;awed;unawed
a;balanced;unbalanced
a;banded;unbanded
a;barreled;unbarreled
a;belted;unbelted
a;beneficed;unbeneficed
a;bodied;unbodied
a;bordered;unbordered
a;born;unborn
a;bound;unbound
a;bridgeable;unbridgeable
a;buried;unburied
a;buttoned;unbuttoned
a;cared-for;uncared-for
a;carpeted;uncarpeted
a;carved;uncarved
a;castrated;uncastrated
a;censored;uncensored
a;changeable;unchangeable
r;characteristically;uncharacteristically
n;cheerfulness;uncheerfulness
a;christian;unchristian
a;civil;uncivil
r;civilly;uncivilly
a;cleared;uncleared
n;clearness;unclearness
a;coated;uncoated
a;coiled;uncoiled
a;collected;uncollected
a;colored;uncolored
a;combed;uncombed
r;comfortably;uncomfortably
a;committed;uncommitted
a;common;uncommon
n;commonness;uncommonness
a;compartmented;uncompartmented
a;compassionate;uncompassionate
a;complaining;uncomplaining
a;concealed;unconcealed
a;concerned;unconcerned
r;conditionally;unconditionally
a;conditioned;unconditioned
a;confirmed;unconfirmed
a;connected;unconnected
n;connectedness;unconnectedness
a;conscientious;unconscientious
a;constipated;unconstipated
a;constricted;unconstricted
a;consummated;unconsummated
a;contaminated;uncontaminated
a;contested;uncontested
a;controlled;uncontrolled
r;controversially;uncontroversially
a;convinced;unconvinced
a;convincing;unconvincing
a;crannied;uncrannied
a;creative;uncreative
r;critically;uncritically
a;crossed;uncrossed
a;crowded;uncrowded
a;cultivated;uncultivated
a;damaged;undamaged
a;datable;undatable
v;deceive;undeceive
a;deciphered;undeciphered
a;declared;undeclared
a;defined;undefined
a;delineated;undelineated
a;demanding;undemanding
a;democratic;undemocratic
a;demonstrative;undemonstrative
a;deniable;undeniable
a;dependable;undependable
n;dependableness;undependableness
a;derived;underived
n;desirability;undesirability
a;desirable;undesirable
a;desirous;undesirous
a;detected;undetected
a;determined;undetermined
a;developed;undeveloped
a;differentiated;undifferentiated
a;dignified;undignified
a;dimmed;undimmed
r;diplomatically;undiplomatically
a;discriminating;undiscriminating
a;diversified;undiversified
a;documented;undocumented
a;domestic;undomestic
a;dramatic;undramatic
r;dramatically;undramatically
a;due;undue
a;edifying;unedifying
a;educated;uneducated
n;emotional_person;unemotional_person
n;employment;unemployment
a;encumbered;unencumbered
a;endowed;unendowed
a;enforced;unenforced
a;enlightened;unenlightened
a;equal;unequal
r;equally;unequally
a;equipped;unequipped
a;equivocal;unequivocal
r;evenly;unevenly
a;exchangeable;unexchangeable
a;excitable;unexcitable
a;excited;unexcited
a;exciting;unexciting
a;expansive;unexpansive
n;expectedness;unexpectedness
a;expendable;unexpendable
a;expired;unexpired
a;exploited;unexploited
a;extended;unextended
r;fairly;unfairly
n;fairness;unfairness
a;faithful;unfaithful
r;faithfully;unfaithfully
n;faithfulness;unfaithfulness
a;familiar;unfamiliar
n;familiarity;unfamiliarity
a;fashionable;unfashionable
r;fashionably;unfashionably
a;fastened;unfastened
a;fastidious;unfastidious
a;fathomable;unfathomable
a;filled;unfilled
a;finished;unfinished
a;fit;unfit
a;fixed;unfixed
a;forgiving;unforgiving
r;forgivingly;unforgivingly
a;formed;unformed
a;fortunate;unfortunate
r;fortunately;unfortunately
a;framed;unframed
a;fretted;unfretted
a;fruitful;unfruitful
a;furnished;unfurnished
a;furrowed;unfurrowed
a;glazed;unglazed
r;gracefully;ungracefully
r;graciously;ungraciously
r;gratefully;ungratefully
a;gregarious;ungregarious
r;grudgingly;ungrudgingly
a;guided;unguided
r;happily;unhappily
n;happiness;unhappiness
a;happy;unhappy
n;healthfulness;unhealthfulness
a;helpful;unhelpful
r;helpfully;unhelpfully
r;hurriedly;unhurriedly
r;hygienically;unhygienically
a;identifiable;unidentifiable
a;impressive;unimpressive
a;inflected;uninflected
a;influential;uninfluential
a;inhabited;uninhabited
a;inhibited;uninhibited
n;initiate;uninitiate
a;injectable;uninjectable
a;inquiring;uninquiring
a;instructive;uninstructive
n;insurability;uninsurability
r;intelligently;unintelligently
r;intelligibly;unintelligibly
a;intended;unintended
r;interestingly;uninterestingly
a;intrusive;unintrusive
a;involved;uninvolved
a;just;unjust
r;justifiably;unjustifiably
r;justly;unjustly
a;kind;unkind
r;kindly;unkindly
a;knowable;unknowable
a;labeled;unlabeled
a;laureled;unlaureled
n;lawfulness;unlawfulness
a;leaded;unleaded
a;lighted;unlighted
a;like;unlike
n;likeliness;unlikeliness
n;likeness;unlikeness
a;limited;unlimited
a;lined;unlined
a;listed;unlisted
n;listed_security;unlisted_security
a;livable;unlivable
a;liveried;unliveried
a;loaded;unloaded
n;loading;unloading
a;loving;unloving
a;lubricated;unlubricated
a;lucky;unlucky
n;malleability;unmalleability
r;manageably;unmanageably
r;manfully;unmanfully
a;married;unmarried
v;mask;unmask
r;melodiously;unmelodiously
a;melted;unmelted
r;memorably;unmemorably
a;mitigated;unmitigated
a;moving;unmoving
a;mown;unmown
r;musically;unmusically
a;natural;unnatural
r;naturally;unnaturally
n;naturalness;unnaturalness
r;necessarily;unnecessarily
a;necessary;unnecessary
a;obligated;unobligated
a;obstructed;unobstructed
a;obtrusive;unobtrusive
r;obtrusively;unobtrusively
n;obtrusiveness;unobtrusiveness
a;obvious;unobvious
a;occupied;unoccupied
a;offending;unoffending
a;oiled;unoiled
a;organized;unorganized
a;orthodox;unorthodox
a;ostentatious;unostentatious
a;owned;unowned
a;packaged;unpackaged
a;paintable;unpaintable
a;palatable;unpalatable
r;pardonably;unpardonably
r;patriotically;unpatriotically
a;perceptive;unperceptive
n;permissiveness;unpermissiveness
a;perplexed;unperplexed
n;persuasiveness;unpersuasiveness
a;planned;unplanned
a;planted;unplanted
a;playable;unplayable
n;pointedness;unpointedness
a;polished;unpolished
a;popular;unpopular
a;portable;unportable
a;posed;unposed
a;potted;unpotted
a;precedented;unprecedented
a;predictable;unpredictable
a;premeditated;unpremeditated
a;pretentious;unpretentious
r;pretentiously;unpretentiously
a;preventable;unpreventable
a;priestly;unpriestly
r;productively;unproductively
a;professional;unprofessional
a;profitable;unprofitable
a;prophetic;unprophetic
a;propitious;unpropitious
r;propitiously;unpropitiously
n;propitiousness;unpropitiousness
a;proved;unproved
a;qualified;unqualified
a;questionable;unquestionable
a;quiet;unquiet
r;quietly;unquietly
a;quotable;unquotable
a;reactive;unreactive
a;ready;unready
a;realistic;unrealistic
r;realistically;unrealistically
r;reasonably;unreasonably
a;reassuring;unreassuring
a;reconstructed;unreconstructed
a;reflected;unreflected
a;regenerate;unregenerate
a;registered;unregistered
a;regretful;unregretful
a;regulated;unregulated
a;related;unrelated
n;relatedness;unrelatedness
a;reliable;unreliable
n;reliableness;unreliableness
r;reliably;unreliably
a;rentable;unrentable
a;reported;unreported
a;reproducible;unreproducible
a;resentful;unresentful
a;reserved;unreserved
n;respectability;unrespectability
a;respectable;unrespectable
a;responsive;unresponsive
a;restrained;unrestrained
n;restraint;unrestraint
a;restrictive;unrestrictive
a;reverberant;unreverberant
a;rhetorical;unrhetorical
a;rifled;unrifled
a;rigged;unrigged
n;righteousness;unrighteousness
r;romantically;unromantically
a;saddled;unsaddled
n;sanitariness;unsanitariness
r;satisfactorily;unsatisfactorily
n;satisfactoriness;unsatisfactoriness
a;satisfactory;unsatisfactory
a;saturated;unsaturated
a;scheduled;unscheduled
a;scientific;unscientific
a;scripted;unscripted
a;seasonable;unseasonable
n;seasonableness;unseasonableness
r;seasonably;unseasonably
a;seasoned;unseasoned
a;seaworthy;unseaworthy
a;seductive;unseductive
r;self-consciously;unselfconsciously
n;self-consciousness;unselfconsciousness
a;selfish;unselfish
r;selfishly;unselfishly
a;sensational;unsensational
r;sentimentally;unsentimentally
a;serviceable;unserviceable
a;servile;unservile
a;settled;unsettled
a;sexy;unsexy
a;shaded;unshaded
a;shapely;unshapely
a;shared;unshared
a;shaven;unshaven
a;sheared;unsheared
a;shockable;unshockable
a;silenced;unsilenced
a;skilled;unskilled
n;skillfulness;unskillfulness
a;sociable;unsociable
r;sociably;unsociably
a;social;unsocial
a;sold;unsold
n;solvability;unsolvability
a;solved;unsolved
n;soundness;unsoundness
a;soured;unsoured
a;spaced;unspaced
a;specialized;unspecialized
a;specified;unspecified
r;sportingly;unsportingly
a;stained;unstained
a;statesmanlike;unstatesmanlike
a;stimulating;unstimulating
a;stoppable;unstoppable
a;stressed;unstressed
a;structured;unstructured
a;stuck;unstuck
a;studied;unstudied
v;stuff;unstuff
n;suitability;unsuitability
n;suitableness;unsuitableness
r;suitably;unsuitably
a;supervised;unsupervised
a;surprised;unsurprised
a;surprising;unsurprising
a;swept;unswept
a;sworn;unsworn
a;sympathetic;unsympathetic
a;systematic;unsystematic
r;systematically;unsystematically
a;talented;untalented
a;tangled;untangled
a;tapped;untapped
a;thinkable;unthinkable
n;thoughtfulness;unthoughtfulness
n;tidiness;untidiness
a;timbered;untimbered
n;timeliness;untimeliness
a;traceable;untraceable
a;traveled;untraveled
a;treated;untreated
a;trimmed;untrimmed
n;trustiness;untrustiness
n;trustworthiness;untrustworthiness
a;truthful;untruthful
a;turned;unturned
a;understood;ununderstood
a;varied;unvaried
n;variedness;unvariedness
a;veiled;unveiled
a;ventilated;unventilated
n;wariness;unwariness
a;wearable;unwearable
a;wholesome;unwholesome
n;wholesomeness;unwholesomeness
a;wieldy;unwieldy
a;willing;unwilling
a;wooded;unwooded
n;worthiness;unworthiness
a;worthy;unworthy
a;woven;unwoven
n;unwellness;wellness
v;pack;unpack
n;philogyny;misogyny
a;branchiate;abranchiate
a;chromatic;achromatic
a;chromatinic;achromatinic
a;diabatic;adiabatic
a;historical;ahistorical
a;periodic;aperiodic
a;petalous;apetalous
a;placental;aplacental
a;sexual;asexual
a;stomatous;astomatous
a;symmetrical;asymmetrical
a;synchronous;asynchronous
a;holistic;atomistic
a;tonal;atonal
a;tonic;atonic
a;vascular;avascular
a;virulent;avirulent
n;chromatic_color;achromatic_color
n;stigmatism;astigmatism
n;synchronism;asynchronism
n;tonality;atonality
n;typicality;atypicality
r;symmetrically;asymmetrically
a;anastigmatic;astigmatic
a;advantageous;disadvantageous
a;agreeable;disagreeable
a;contented;discontented
a;continued;discontinued
a;continuous;discontinuous
a;accordant;discordant
a;honest;dishonest
a;honorable;dishonorable
a;inclined;disinclined
a;liked;disliked
a;loyal;disloyal
a;obedient;disobedient
a;organized;disorganized
a;pleased;displeased
a;pleasing;displeasing
a;reputable;disreputable
a;persuasive;dissuasive
a;concentrated;distributed
a;collective;distributive
a;trustful;distrustful
n;agreement;disagreement
n;orderliness;disorderliness
n;similarity;dissimilarity
n;disequilibrium;equilibrium
v;disagree;agree
a;legal;illegal
a;licit;illicit
a;logical;illogical
r;legibly;illegibly
r;logically;illogically
r;illicitly;licitly
a;mature;immature
a;measurable;immeasurable
a;miscible;immiscible
a;mobile;immobile
a;modest;immodest
a;moral;immoral
a;mutable;immutable
a;partial;impartial
a;patient;impatient
a;penitent;impenitent
a;perceptible;imperceptible
a;perfect;imperfect
a;perishable;imperishable
a;permissible;impermissible
a;personal;impersonal
a;pious;impious
a;explicit;implicit
a;polite;impolite
a;politic;impolitic
a;ponderable;imponderable
a;possible;impossible
a;precise;imprecise
a;prudent;imprudent
a;pure;impure
a;immediate;mediate
n;materiality;immateriality
n;maturity;immaturity
n;emersion;immersion
n;moderation;immoderation
n;mortality;immortality
n;movableness;immovableness
n;mutability;immutability
n;partiality;impartiality
n;patience;impatience
n;perceptibility;imperceptibility
n;perfection;imperfection
n;permeability;impermeability
n;permissibility;impermissibility
n;piety;impiety
n;politeness;impoliteness
n;preciseness;impreciseness
n;properness;improperness
n;propriety;impropriety
n;providence;improvidence
n;purity;impurity
n;immediacy;mediacy
r;moderately;immoderately
r;modestly;immodestly
r;morally;immorally
r;permissibly;impermissibly
r;politely;impolitely
r;possibly;impossibly
r;precisely;imprecisely
v;export;import
r;immeasurably;measurably
a;accessible;inaccessible
a;accurate;inaccurate
a;adequate;inadequate
a;admissible;inadmissible
a;advisable;inadvisable
a;aesthetic;inaesthetic
a;animate;inanimate
a;appropriate;inappropriate
a;attentive;inattentive
a;calculable;incalculable
a;capable;incapable
a;cautious;incautious
a;clement;inclement
a;commensurate;incommensurate
a;commutable;incommutable
a;compatible;incompatible
a;competent;incompetent
a;complete;incomplete
a;compressible;incompressible
a;conclusive;inconclusive
a;considerate;inconsiderate
a;consistent;inconsistent
a;consolable;inconsolable
a;conspicuous;inconspicuous
a;constant;inconstant
a;convenient;inconvenient
a;corrigible;incorrigible
a;exculpatory;inculpatory
a;curious;incurious
a;decent;indecent
a;decisive;indecisive
a;decorous;indecorous
a;dehiscent;indehiscent
a;dependent;independent
a;destructible;indestructible
a;determinable;indeterminable
a;digestible;indigestible
a;discernible;indiscernible
a;discriminate;indiscriminate
a;distinct;indistinct
a;distinguishable;indistinguishable
a;divisible;indivisible
a;edible;inedible
a;effective;ineffective
a;efficacious;inefficacious
a;elastic;inelastic
a;eligible;ineligible
a;equitable;inequitable
a;eradicable;ineradicable
a;exact;inexact
a;exhaustible;inexhaustible
a;experienced;inexperienced
a;extricable;inextricable
a;fallible;infallible
a;felicitous;infelicitous
a;finite;infinite
a;formal;informal
a;frequent;infrequent
a;glorious;inglorious
a;hospitable;inhospitable
a;humane;inhumane
a;coastal;inland
a;outer;inner
a;noxious;innocuous
a;opportune;inopportune
a;organic;inorganic
a;sane;insane
a;satiate;insatiate
a;omnivorous;insectivorous
a;secure;insecure
a;sensitive;insensitive
a;sentient;insentient
a;significant;insignificant
a;sincere;insincere
a;solvent;insolvent
a;subordinate;insubordinate
a;tangible;intangible
a;temperate;intemperate
a;mild;intense
a;tolerable;intolerable
a;tolerant;intolerant
a;tractable;intractable
a;interdepartmental;intradepartmental
a;violable;inviolable
a;voluntary;involuntary
a;vulnerable;invulnerable
n;infallibility;fallibility
n;infertility;fertility
n;infiniteness;finiteness
n;ability;inability
n;accessibility;inaccessibility
n;action;inaction
n;adequacy;inadequacy
n;advisability;inadvisability
n;animateness;inanimateness
n;applicability;inapplicability
n;appositeness;inappositeness
n;aptness;inaptness
n;attention;inattention
n;audibility;inaudibility
n;auspiciousness;inauspiciousness
n;capacity;incapacity
n;caution;incaution
n;civility;incivility
n;compatibility;incompatibility
n;consequence;inconsequence
n;consistency;inconsistency
n;conspicuousness;inconspicuousness
n;convertibility;inconvertibility
n;coordination;incoordination
n;corruptness;incorruptness
n;decrement;increment
n;curability;incurability
n;curableness;incurableness
n;decency;indecency
n;decisiveness;indecisiveness
n;decorousness;indecorousness
n;decorum;indecorum
n;digestibility;indigestibility
n;discipline;indiscipline
n;efficiency;inefficiency
n;elasticity;inelasticity
n;eligibility;ineligibility
n;equity;inequity
n;essential;inessential
n;essentiality;inessentiality
n;expedience;inexpedience
n;expensiveness;inexpensiveness
n;feasibility;infeasibility
n;felicity;infelicity
n;superior;inferior
n;fidelity;infidelity
n;formality;informality
n;gratitude;ingratitude
n;activator;inhibitor
n;judiciousness;injudiciousness
n;opportuneness;inopportuneness
n;salubriousness;insalubriousness
n;salubrity;insalubrity
n;secureness;insecureness
n;sensitiveness;insensitiveness
n;sincerity;insincerity
n;conductor;insulator
n;segregation;integration
n;tolerance;intolerance
n;tractability;intractability
n;transitivity;intransitivity
n;utility;inutility
n;variability;invariability
n;variableness;invariableness
r;incomparably;comparably
r;infinitely;finitely
r;accurately;inaccurately
r;adequately;inadequately
r;advertently;inadvertently
r;appropriately;inappropriately
r;articulately;inarticulately
r;cautiously;incautiously
r;compatibly;incompatibly
r;competently;incompetently
r;consequentially;inconsequentially
r;considerately;inconsiderately
r;consistently;inconsistently
r;conspicuously;inconspicuously
r;conveniently;inconveniently
r;correctly;incorrectly
r;decently;indecently
r;decorously;indecorously
r;discreetly;indiscreetly
r;efficaciously;inefficaciously
r;efficiently;inefficiently
r;elegantly;inelegantly
r;equitably;inequitably
r;excusably;inexcusably
r;expediently;inexpediently
r;securely;insecurely
r;significantly;insignificantly
r;sincerely;insincerely
r;sufficiently;insufficiently
r;tolerantly;intolerantly
r;transitively;intransitively
r;inoffensively;offensively
v;exclude;include
a;rational;irrational
a;reconcilable;irreconcilable
a;reducible;irreducible
a;regular;irregular
a;uncompromising;compromising
a;abridged;unabridged
a;acceptable;unacceptable
a;accommodating;unaccommodating
a;accompanied;unaccompanied
a;accustomed;unaccustomed
a;acknowledged;unacknowledged
a;acquisitive;unacquisitive
a;addicted;unaddicted
a;addressed;unaddressed
a;adjusted;unadjusted
a;adoptable;unadoptable
a;affixed;unaffixed
a;agitated;unagitated
a;airworthy;unairworthy
a;alarming;unalarming
a;alike;unalike
a;alterable;unalterable
a;ambitious;unambitious
a;analyzed;unanalyzed
a;angry;unangry
a;animated;unanimated
a;appealable;unappealable
a;approachable;unapproachable
a;argumentative;unargumentative
a;articulated;unarticulated
a;assisted;unassisted
a;attached;unattached
a;attributable;unattributable
a;authorized;unauthorized
a;avenged;unavenged
a;awakened;unawakened
a;aware;unaware
a;awed;unawed
a;balconied;unbalconied
a;baptized;unbaptized
a;barreled;unbarreled
a;belted;unbelted
a;blemished;unblemished
a;blended;unblended
a;bodied;unbodied
a;brainwashed;unbrainwashed
a;branded;unbranded
a;breakable;unbreakable
a;broken;unbroken
a;camphorated;uncamphorated
a;carpeted;uncarpeted
a;castrated;uncastrated
a;caulked;uncaulked
a;certain;uncertain
a;certified;uncertified
a;changed;unchanged
a;characteristic;uncharacteristic
a;charged;uncharged
a;charitable;uncharitable
a;chartered;unchartered
a;chaste;unchaste
a;classified;unclassified
a;clean;unclean
a;clear;unclear
a;clothed;unclothed
a;colored;uncolored
a;combined;uncombined
a;comfortable;uncomfortable
a;committed;uncommitted
a;communicative;uncommunicative
a;compartmented;uncompartmented
a;complimentary;uncomplimentary
a;conditional;unconditional
a;confined;unconfined
a;congenial;uncongenial
a;conquerable;unconquerable
a;conscious;unconscious
a;constitutional;unconstitutional
a;constricted;unconstricted
a;controlled;uncontrolled
a;controversial;uncontroversial
a;conventional;unconventional
a;cooperative;uncooperative
a;corrected;uncorrected
a;cousinly;uncousinly
a;critical;uncritical
a;crowded;uncrowded
a;crowned;uncrowned
a;crystallized;uncrystallized
a;cultivated;uncultivated
a;cut;uncut
a;declared;undeclared
a;dedicated;undedicated
a;defeated;undefeated
a;defined;undefined
a;demanding;undemanding
a;dependable;undependable
a;descriptive;undescriptive
a;designed;undesigned
a;desirous;undesirous
a;developed;undeveloped
a;diluted;undiluted
a;diplomatic;undiplomatic
a;discerning;undiscerning
a;discriminating;undiscriminating
a;domestic;undomestic
a;drained;undrained
a;dramatic;undramatic
a;drinkable;undrinkable
a;dynamic;undynamic
a;eager;uneager
a;earned;unearned
a;easy;uneasy
a;edifying;unedifying
a;emotional;unemotional
a;employable;unemployable
a;employed;unemployed
a;enclosed;unenclosed
a;encumbered;unencumbered
a;enforceable;unenforceable
a;enlightened;unenlightened
a;enlightening;unenlightening
a;enlivened;unenlivened
a;enterprising;unenterprising
a;enthusiastic;unenthusiastic
a;equal;unequal
a;erect;unerect
a;established;unestablished
a;ethical;unethical
a;even;uneven
a;eventful;uneventful
a;exhausted;unexhausted
a;expected;unexpected
a;exportable;unexportable
a;extended;unextended
a;faceted;unfaceted
a;fair;unfair
a;fastidious;unfastidious
a;favorable;unfavorable
a;feathered;unfeathered
a;flattering;unflattering
a;fledged;unfledged
a;focused;unfocused
a;forgettable;unforgettable
a;forgiving;unforgiving
a;formed;unformed
a;framed;unframed
a;free;unfree
a;friendly;unfriendly
a;frozen;unfrozen
a;fruitful;unfruitful
a;fueled;unfueled
a;funded;unfunded
a;furrowed;unfurrowed
a;gathered;ungathered
a;geared;ungeared
a;generous;ungenerous
a;glazed;unglazed
a;gracious;ungracious
a;grammatical;ungrammatical
a;grateful;ungrateful
a;gregarious;ungregarious
a;groomed;ungroomed
a;ungulate;unguiculate
a;guided;unguided
a;gusseted;ungusseted
a;headed;unheaded
a;healthful;unhealthful
a;healthy;unhealthy
a;holy;unholy
a;hurried;unhurried
a;bicameral;unicameral
a;bimodal;unimodal
a;impaired;unimpaired
a;important;unimportant
a;impressionable;unimpressionable
a;improved;unimproved
a;informative;uninformative
a;informed;uninformed
a;inhabited;uninhabited
a;injured;uninjured
a;inquiring;uninquiring
a;inspiring;uninspiring
a;insured;uninsured
a;intelligent;unintelligent
a;intelligible;unintelligible
a;interested;uninterested
a;interesting;uninteresting
a;inviting;uninviting
a;ironed;unironed
a;known;unknown
a;laced;unlaced
a;lamented;unlamented
a;lawful;unlawful
a;leavened;unleavened
a;likely;unlikely
a;loved;unloved
a;made;unmade
a;malicious;unmalicious
a;malted;unmalted
a;manageable;unmanageable
a;manly;unmanly
a;manned;unmanned
a;marked;unmarked
a;mated;unmated
a;melodious;unmelodious
a;merited;unmerited
a;military;unmilitary
a;mindful;unmindful
a;mined;unmined
a;mitigated;unmitigated
a;modifiable;unmodifiable
a;modified;unmodified
a;modulated;unmodulated
a;motivated;unmotivated
a;motorized;unmotorized
a;moved;unmoved
a;musical;unmusical
a;myelinated;unmyelinated
a;natural;unnatural
a;neurotic;unneurotic
a;noticeable;unnoticeable
a;noticed;unnoticed
a;obstructed;unobstructed
a;occupied;unoccupied
a;official;unofficial
a;opposable;unopposable
a;opposed;unopposed
a;oriented;unoriented
a;original;unoriginal
a;orthodox;unorthodox
a;ostentatious;unostentatious
a;packaged;unpackaged
a;paid;unpaid
a;painted;unpainted
a;pardonable;unpardonable
a;parented;unparented
a;patriotic;unpatriotic
a;patronized;unpatronized
a;paved;unpaved
a;peaceful;unpeaceful
a;permissive;unpermissive
a;playful;unplayful
a;pleasant;unpleasant
a;plowed;unplowed
a;posed;unposed
a;potted;unpotted
a;powered;unpowered
a;precedented;unprecedented
a;predictable;unpredictable
a;prejudiced;unprejudiced
a;premeditated;unpremeditated
a;prepared;unprepared
a;presidential;unpresidential
a;pretentious;unpretentious
a;principled;unprincipled
a;printable;unprintable
a;processed;unprocessed
a;productive;unproductive
a;professional;unprofessional
a;pronounceable;unpronounceable
a;propitious;unpropitious
a;protected;unprotected
a;protective;unprotective
a;provocative;unprovocative
a;publishable;unpublishable
a;published;unpublished
a;punctual;unpunctual
a;punished;unpunished
a;quiet;unquiet
a;reactive;unreactive
a;real;unreal
a;reasonable;unreasonable
a;reassuring;unreassuring
a;receptive;unreceptive
a;recoverable;unrecoverable
a;refined;unrefined
a;reliable;unreliable
a;renewable;unrenewable
a;repeatable;unrepeatable
a;repentant;unrepentant
a;reportable;unreportable
a;requested;unrequested
a;restricted;unrestricted
a;retentive;unretentive
a;revived;unrevived
a;rewarding;unrewarding
a;rhetorical;unrhetorical
a;rhymed;unrhymed
a;rhythmical;unrhythmical
a;righteous;unrighteous
a;salable;unsalable
a;sanitary;unsanitary
a;saponified;unsaponified
a;sarcastic;unsarcastic
a;savory;unsavory
a;scalable;unscalable
a;scholarly;unscholarly
a;scrupulous;unscrupulous
a;sealed;unsealed
a;seamanlike;unseamanlike
a;seaworthy;unseaworthy
a;seeded;unseeded
a;selected;unselected
a;sent;unsent
a;shaven;unshaven
a;sheathed;unsheathed
a;shelled;unshelled
a;shockable;unshockable
a;shod;unshod
a;shrinkable;unshrinkable
a;shuttered;unshuttered
a;signed;unsigned
a;sinkable;unsinkable
a;sized;unsized
a;sound;unsound
a;soured;unsoured
a;spaced;unspaced
a;stable;unstable
a;staged;unstaged
a;steady;unsteady
a;stratified;unstratified
a;stressed;unstressed
a;structured;unstructured
a;stuck;unstuck
a;successful;unsuccessful
a;supported;unsupported
a;supportive;unsupportive
a;sure;unsure
a;surprising;unsurprising
a;susceptible;unsusceptible
a;swept;unswept
a;sworn;unsworn
a;sympathetic;unsympathetic
a;tanned;untanned
a;tempered;untempered
a;theatrical;untheatrical
a;thinkable;unthinkable
a;tidy;untidy
a;tied;untied
a;timbered;untimbered
a;tipped;untipped
a;touched;untouched
a;trained;untrained
a;translatable;untranslatable
a;traveled;untraveled
a;troubled;untroubled
a;trustworthy;untrustworthy
a;tucked;untucked
a;usual;unusual
a;veiled;unveiled
a;voiced;unvoiced
a;wanted;unwanted
a;wary;unwary
a;waxed;unwaxed
a;weaned;unweaned
a;webbed;unwebbed
a;welcome;unwelcome
a;wieldy;unwieldy
a;witting;unwitting
a;womanly;unwomanly
a;worldly;unworldly
a;wrapped;unwrapped
a;wrinkled;unwrinkled
a;written;unwritten
n;adaptability;unadaptability
n;alterability;unalterability
n;approachability;unapproachability
n;attractiveness;unattractiveness
n;belief;unbelief
n;breakableness;unbreakableness
n;ceremoniousness;unceremoniousness
n;certainty;uncertainty
n;cheerfulness;uncheerfulness
n;aunt;uncle
n;cleanliness;uncleanliness
n;communicativeness;uncommunicativeness
n;congeniality;uncongeniality
n;conscientiousness;unconscientiousness
n;consciousness;unconsciousness
n;dependability;undependability
n;earned_run;unearned_run
n;emotionality;unemotionality
n;enlightenment;unenlightenment
n;evenness;unevenness
n;exchangeability;unexchangeability
n;faithfulness;unfaithfulness
n;favorableness;unfavorableness
n;fitness;unfitness
n;friendliness;unfriendliness
n;godliness;ungodliness
n;graciousness;ungraciousness
n;holiness;unholiness
n;importance;unimportance
n;intelligibility;unintelligibility
n;interestingness;uninterestingness
n;kindness;unkindness
n;leaded_gasoline;unleaded_gasoline
n;likelihood;unlikelihood
n;likeliness;unlikeliness
n;mindfulness;unmindfulness
n;neighborliness;unneighborliness
n;originality;unoriginality
n;palatability;unpalatability
n;perceptiveness;unperceptiveness
n;pleasantness;unpleasantness
n;pleasingness;unpleasingness
n;popularity;unpopularity
n;predictability;unpredictability
n;productiveness;unproductiveness
n;profitability;unprofitability
n;profitableness;unprofitableness
n;reality;unreality
n;reliability;unreliability
n;responsiveness;unresponsiveness
n;restraint;unrestraint
n;scrupulousness;unscrupulousness
n;seasonableness;unseasonableness
n;secured_bond;unsecured_bond
n;seemliness;unseemliness
n;self-consciousness;unselfconsciousness
n;sociability;unsociability
n;steadiness;unsteadiness
n;stratified_language;unstratified_language
n;suitableness;unsuitableness
n;timeliness;untimeliness
n;truthfulness;untruthfulness
n;usualness;unusualness
n;willingness;unwillingness
r;unashamedly;ashamedly
r;unbelievingly;believingly
r;unceremoniously;ceremoniously
r;uncomplainingly;complainingly
r;ungrammatically;grammatically
r;untruthfully;truthfully
r;acceptably;unacceptably
r;appealingly;unappealingly
r;appreciatively;unappreciatively
r;assertively;unassertively
r;believably;unbelievably
r;chivalrously;unchivalrously
r;consciously;unconsciously
r;constitutionally;unconstitutionally
r;controversially;uncontroversially
r;conventionally;unconventionally
r;convincingly;unconvincingly
r;critically;uncritically
r;democratically;undemocratically
r;dependably;undependably
r;deservedly;undeservedly
r;dramatically;undramatically
r;emotionally;unemotionally
r;enthusiastically;unenthusiastically
r;ethically;unethically
r;excitingly;unexcitingly
r;fairly;unfairly
r;favorably;unfavorably
r;feelingly;unfeelingly
r;forgivably;unforgivably
r;forgivingly;unforgivingly
r;gracefully;ungracefully
r;graciously;ungraciously
r;gratefully;ungratefully
r;helpfully;unhelpfully
r;imaginatively;unimaginatively
r;impressively;unimpressively
r;informatively;uninformatively
r;instructively;uninstructively
r;intentionally;unintentionally
r;justifiably;unjustifiably
r;kindly;unkindly
r;knowingly;unknowingly
r;lawfully;unlawfully
r;luckily;unluckily
r;mindfully;unmindfully
r;obtrusively;unobtrusively
r;officially;unofficially
r;palatably;unpalatably
r;pleasantly;unpleasantly
r;precedentedly;unprecedentedly
r;pretentiously;unpretentiously
r;productively;unproductively
r;profitably;unprofitably
r;reasonably;unreasonably
r;recognizably;unrecognizably
r;righteously;unrighteously
r;selfishly;unselfishly
r;smilingly;unsmilingly
r;sportingly;unsportingly
r;successfully;unsuccessfully
r;sympathetically;unsympathetically
r;warily;unwarily
r;willingly;unwillingly
r;wittingly;unwittingly
v;unclutter;clutter
v;balance;unbalance
v;bar;unbar
v;belt;unbelt
v;bend;unbend
v;block;unblock
v;box;unbox
v;buckle;unbuckle
v;button;unbutton
v;chain;unchain
v;clasp;unclasp
v;clip;unclip
v;clog;unclog
v;couple;uncouple
v;cover;uncover
v;crate;uncrate
v;cross;uncross
v;deceive;undeceive
v;dock;undock
v;fasten;unfasten
v;fold;unfold
v;harness;unharness
v;hitch;unhitch
v;hook;unhook
v;lock;unlock
v;muzzle;unmuzzle
v;pin;unpin
v;plug_in;unplug
v;saddle;unsaddle
v;scramble;unscramble
v;sheathe;unsheathe
v;spell;unspell
v;strain;unstrain
v;strap;unstrap
v;string;unstring
v;veil;unveil
v;wire;unwire
v;wrap;unwrap
a;autochthonous;allochthonous
n;Arianism;Athanasianism
v;present;absent
v;uniform;multiform
v;simple;compound
v;single;multiple
v;foreign;native
v;foreign;native
v;optional;obligatory
v;optional;obligatory
v;live;recorded
v;separate;joint
v;religious;secular
v;native;adopted
v;objective;subjective
v;natural;artificial
v;automatic;manual
v;private;public
v;private;public
v;true;false
v;true;false
v;live;dead
v;live;dead
v;blind;sighted
v;innocent;guilty
v;innocent;guilty
v;other;same
v;alive;dead
v;alive;dead
v;typical;atypical
v;confident;diffident
v;similar;dissimilar
v;similar;dissimilar
v;legitimate;illegitimate
v;material;immaterial
v;permanent;impermanent
v;practical;impractical
v;probable;improbable
v;probable;improbable
v;proper;improper
v;active;inactive
v;comparable;incomparable
v;correct;incorrect
v;corrupt;incorrupt
v;credible;incredible
v;definite;indefinite
v;direct;indirect
v;efficient;inefficient
v;flexible;inflexible
v;offensive;inoffensive
v;sensible;insensible
v;substantial;insubstantial
v;sufficient;insufficient
v;valid;invalid
v;visible;invisible
v;responsible;irresponsible
v;political;nonpolitical
v;traditional;nontraditional
v;violent;nonviolent
v;able;unable
v;afraid;unafraid
v;ashamed;unashamed
v;attractive;unattractive
v;available;unavailable
v;christian;unchristian
v;civil;uncivil
v;common;uncommon
v;common;uncommon
v;democratic;undemocratic
v;desirable;undesirable
v;due;undue
v;familiar;unfamiliar
v;familiar;unfamiliar
v;fashionable;unfashionable
v;fit;unfit
v;happy;unhappy
v;happy;unhappy
v;helpful;unhelpful
v;identifiable;unidentifiable
v;impressive;unimpressive
v;just;unjust
v;kind;unkind
v;like;unlike
v;limited;unlimited
v;limited;unlimited
v;loving;unloving
v;lucky;unlucky
v;married;unmarried
v;necessary;unnecessary
v;popular;unpopular
v;profitable;unprofitable
v;ready;unready
v;realistic;unrealistic
v;responsive;unresponsive
v;satisfactory;unsatisfactory
v;scientific;unscientific
v;skilled;unskilled
v;social;unsocial
v;willing;unwilling
v;worthy;unworthy
v;historical;ahistorical
v;continuous;discontinuous
v;honest;dishonest
v;legal;illegal
v;legal;illegal
v;logical;illogical
v;mature;immature
v;moral;immoral
v;perfect;imperfect
v;permissible;impermissible
v;personal;impersonal
v;explicit;implicit
v;possible;impossible
v;possible;impossible
v;precise;imprecise
v;pure;impure
v;accessible;inaccessible
v;accurate;inaccurate
v;adequate;inadequate
v;admissible;inadmissible
v;advisable;inadvisable
v;appropriate;inappropriate
v;appropriate;inappropriate
v;capable;incapable
v;compatible;incompatible
v;compatible;incompatible
v;competent;incompetent
v;complete;incomplete
v;conclusive;inconclusive
v;consistent;inconsistent
v;consistent;inconsistent
v;constant;inconstant
v;convenient;inconvenient
v;decisive;indecisive
v;dependent;independent
v;dependent;independent
v;discriminate;indiscriminate
v;distinct;indistinct
v;divisible;indivisible
v;effective;ineffective
v;eligible;ineligible
v;exact;inexact
v;formal;informal
v;frequent;infrequent
v;frequent;infrequent
v;secure;insecure
v;sensitive;insensitive
v;significant;insignificant
v;significant;insignificant
v;vulnerable;invulnerable
v;rational;irrational
v;reducible;irreducible
v;regular;irregular
v;acceptable;unacceptable
v;attributable;unattributable
v;aware;unaware
v;aware;unaware
v;certain;uncertain
v;characteristic;uncharacteristic
v;clean;unclean
v;clear;unclear
v;comfortable;uncomfortable
v;conscious;unconscious
v;conventional;unconventional
v;critical;uncritical
v;easy;uneasy
v;enforceable;unenforceable
v;enthusiastic;unenthusiastic
v;equal;unequal
v;fair;unfair
v;fair;unfair
v;favorable;unfavorable
v;free;unfree
v;friendly;unfriendly
v;healthy;unhealthy
v;important;unimportant
v;important;unimportant
v;intelligent;unintelligent
v;interested;uninterested
v;interesting;uninteresting
v;lawful;unlawful
v;lawful;unlawful
v;likely;unlikely
v;likely;unlikely
v;natural;unnatural
v;noticeable;unnoticeable
v;official;unofficial
v;original;unoriginal
v;pleasant;unpleasant
v;pleasant;unpleasant
v;predictable;unpredictable
v;productive;unproductive
v;professional;unprofessional
v;real;unreal
v;reasonable;unreasonable
v;reasonable;unreasonable
v;recoverable;unrecoverable
v;reliable;unreliable
v;restricted;unrestricted
v;sound;unsound
v;stable;unstable
v;successful;unsuccessful
v;supportive;unsupportive
v;sure;unsure
v;sympathetic;unsympathetic
v;usual;unusual
v;usual;unusual
v;welcome;unwelcome
v;considerable;inconsiderable
v;related;unrelated
v;fallible;infallible
v;finite;infinite
v;expected;unexpected
v;known;unknown
v;disagree;agree
v;disallow;allow
v;advantage;disadvantage
v;approve;disapprove
v;avow;disavow
v;continue;discontinue
v;esteem;disesteem
v;honor;dishonor
v;bequeath;disinherit
v;oblige;disoblige
v;qualify;disqualify
v;satisfy;dissatisfy
v;activate;inactivate
v;deceive;undeceive
v;mask;unmask
v;stuff;unstuff
v;pack;unpack
v;disagree;agree
v;export;import
v;exclude;include
v;unclutter;clutter
v;balance;unbalance
v;bar;unbar
v;belt;unbelt
v;bend;unbend
v;block;unblock
v;box;unbox
v;buckle;unbuckle
v;button;unbutton
v;chain;unchain
v;clasp;unclasp
v;clip;unclip
v;clog;unclog
v;couple;uncouple
v;cover;uncover
v;crate;uncrate
v;cross;uncross
v;deceive;undeceive
v;dock;undock
v;fasten;unfasten
v;fold;unfold
v;harness;unharness
v;hitch;unhitch
v;hook;unhook
v;lock;unlock
v;muzzle;unmuzzle
v;pin;unpin
v;plug_in;unplug
v;saddle;unsaddle
v;scramble;unscramble
v;sheathe;unsheathe
v;spell;unspell
v;strain;unstrain
v;strap;unstrap
v;string;unstring
v;veil;unveil
v;wire;unwire
v;wrap;unwrap